State,StateAbbr,Year,Client,Amount,Lobbyist1,Lobbyist2,Lobbyist3,Lobbyist4,Lobbyist5,Lobbyist6,Lobbyist7,Lobbyist8,Lobbyist9,Lobbyist10,Lobbyist11,Lobbyist12
Iowa,IA,2014,3M Government Relations,6946.0,Daniel B. Garry,,,,,,,,,,,
Iowa,IA,2014,American Petroleum Institute,34000.0,David Scott,,,,,,,,,,,
Iowa,IA,2014,American Insurance Assn.,13507.0,Nyemaster Goode,Brad Epperly,Scott Sundstrom,Paula Dierenfeld,,,,,,,,
Iowa,IA,2014,American Legion of IA,5000.0,Advocacy Strategies,Threase Harms,Kent Hartwig,Courtney Willits,,,,,,,,
Iowa,IA,2014,"American Forest & Paper Assn., Inc.",12500.0,Brian Johnson,,,,,,,,,,,
Iowa,IA,2014,American Heart Assn.,20000.0,Policyworks,John Cacciatore,Mary Earnhardt,Jon Murphy,Justin Hupfer,,,,,,,
Iowa,IA,2014,American Diabetes Assn.,0.0,Gary Dougherty,,,,,,,,,,,
Iowa,IA,2014,American Express Company,15000.0,F. Richard Thornton,,,,,,,,,,,
Iowa,IA,2014,American Council of Engineering Companies,50000.0,David Scott,,,,,,,,,,,
Iowa,IA,2014,American Coalition for Clean Coal Electricity (ACCCE),6160.0,Policy Works,Mary Earnhardt,,,,,,,,,,
Iowa,IA,2014,American Coalition for Clean Coal Electricity (ACCCE),4000.0,LS2group,Susan Fenton,Jeff Boeyink,Charlotte Eby,,,,,,,,
Iowa,IA,2014,American Civil Liberties Union of IA (ACLU-IA),48600.0,Latrice Lacey,Rita Bettis,Ben Stone,Amy Campbell,Craig Patterson,,,,,,,
Iowa,IA,2014,American Chemisty Council,2391.47,John Easter,,,,,,,,,,,
Iowa,IA,2014,American Cancer Society Cancer Action Network (ACS CAN),49250.0,Jen Schultle,Cassandra Furlong,Policy Works,John Cacciatore,Mary Earnhardt,John Murphy,Davis Brown,Katherine Carlucci,Thomas Stanberry,,,
Iowa,IA,2014,"Alzheimers Assn., Iowa Chapter Network",16910.0,Campbell/Patterson Consulting,Amy Campbell,Craig Patterson,,,,,,,,,
Iowa,IA,2014,Alzheimers Assn. Midlands Chapter,874.8,Greg Patterson,Amy Campbell,,,,,,,,,,
Iowa,IA,2014,Youth Homes of Mid-America,13500.0,Nyemaster Goode,Paula Dierenfeld,Scott Sundstrom,Brad Epperly,,,,,,,,
Iowa,IA,2014,"Young Mens Christian Assn. of Greater Des Moines, IA",5000.0,Davis Brown Law Firm,Kate Carlucci,Tom Stanberry,,,,,,,,,
Iowa,IA,2014,"Young Mens Christian Assn. of Greater Des Moines, IA",0.0,Katherine Carlucci,Thomas Stanberry,,,,,,,,,,
Iowa,IA,2014,YMCA State Alliance,15120.0,Advocacy Strategies,,,,,,,,,,,
Iowa,IA,2014,"Xerox Business Service, LLC and its Affiliates",30000.0,Cornerstone Government Affairs,David Adelman,Frank Chiodo,,,,,,,,,
Iowa,IA,2014,World Peace Organization for the One World Government,0.0,Karen Holmes,,,,,,,,,,,
Iowa,IA,2014,Workday,40000.0,PolicyWorks,John Cacciatore,Mary Earnhardt,Justin Hupfer,Jon Murphy,,,,,,,
Iowa,IA,2014,Winterset Municipal Utilities,20031.64,PolicyWorks,John Cacciatore,Mary Earnhardt,Justin Hupfer,,,,,,,,
Iowa,IA,2014,Windstream Communications Corporation,24999.96,Scott Weiser,,,,,,,,,,,
Iowa,IA,2014,Wind on the Wires,0.0,Joseph Sullivan,,,,,,,,,,,
Iowa,IA,2014,Wind on the Wires,0.0,Joseph Sullivan,,,,,,,,,,,
Iowa,IA,2014,"Wild Rose Entertainment, LLC",46250.0,F. Richard Thornton Consulting,Whitaker Strategy Group,LS2 Group,,,,,,,,,
Iowa,IA,2014,Wild Rose Emmetsburg LLC,0.0,F. Richard Thornton Consulting,Whitaker Strategy Group,LS2 Group,,,,,,,,,
Iowa,IA,2014,Wild Rose Clinton LLC,0.0,F. Richard Thorton Consulting,Whitaker Strategy Group,LS2 Group,,,,,,,,,
Iowa,IA,2014,Western IA Tech Community College,20442.0,Dr. Terry Murrell,Steve Warnstadt,IACCT (Iowa Assn of Comm,College Trustees,,,,,,,,
Iowa,IA,2014,Wells Fargo,32565.13,Carney Appleby Firm,Jim Carney,Doug Struyk,Jennifer Tyler,George Appleby,Scott Fontenot,,,,,,
Iowa,IA,2014,"Wellmark, Inc.",105812.0,Frank J. Stork,LSGroup,"Susan Fenton, LSGroup",,,,,,,,,
Iowa,IA,2014,Water Management Consulting Group,24000.0,F. Richard Thornton,,,,,,,,,,,
Iowa,IA,2014,"Waste Management, Inc.",37000.0,Paula Feltner,Mike Heller,,,,,,,,,,
Iowa,IA,2014,Walgreen Co.,15367.86,Karen Sisson,,,,,,,,,,,
Iowa,IA,2014,Waldorf College,0.0,none,,,,,,,,,,,
Iowa,IA,2014,"Wal-Mart Stores, Inc.",36835.68,Ryan Irsik,Sandra Jaques,,,,,,,,,,
Iowa,IA,2014,"VMR Products, LLC",17500.0,"Fitzgerald, Joyce and Assoc.",Mark Joyce,Maggie Fitzgerald,Jerry Fitzgerald,,,,,,,,
Iowa,IA,2014,Visiting Nurse Services of IA,12000.0,Advocacy Strategies,Threase Harms,Kent Hartwig,Courtney Willits,,,,,,,,
Iowa,IA,2014,VISA,0.0,Cornerstone Government Affairs,David Adelman,Frank Chiodo,,,,,,,,,
Iowa,IA,2014,Veterans National Recovery Center,200.0,Robert beeston,,,,,,,,,,,
Iowa,IA,2014,Veterans National Recovery Center,400.0,Robert Bruce Beeston,Miyoko Hikiji,Bob Krause,,,,,,,,,
Iowa,IA,2014,Verizon Corporation and Affiliated Companies,4900.0,craig walter,,,,,,,,,,,
Iowa,IA,2014,Verizon Corporation and Affiliated Companies,18000.0,"Eide & Heisinger, LLC",Matt Eide,John Pederson,,,,,,,,,
Iowa,IA,2014,Veridus LLC representing Recovery Audit Specialists LLC,0.0,Triplett Enterprises Ltd.,- Michael Triplett,,,,,,,,,,
Iowa,IA,2014,Veridian Credit Union,45000.0,Michael Harvey,,,,,,,,,,,
Iowa,IA,2014,Utility Management Organizations of IA,1250.0,Jim Obradovich,Robert Mulqueen,,,,,,,,,,
Iowa,IA,2014,Urbandale-Windsor Heights Sanitary District,1500.0,Brick Gentry PC,Robert Rafferty,,,,,,,,,,
Iowa,IA,2014,Urban Education Network of IA,60500.0,Lewis Finch,Margaret Buckton,,,,,,,,,,
Iowa,IA,2014,Urban County Coalition,60000.0,L&L Murphy Consulting,Larry Murphy,Gary Grant,,,,,,,,,
Iowa,IA,2014,UPS,52000.0,"Eide & Heisinger, LLC",Matt Eide,John Pederson,,,,,,,,,
Iowa,IA,2014,University of Phoenix,48600.0,Nyemaster Goode Law Firm,Brad Epperly,Paula Dierenfeld,Scott Sundstrom,,,,,,,,
Iowa,IA,2014,UnityPoint Health,0.0,Chaney Yeast,,,,,,,,,,,
Iowa,IA,2014,UnityPoint Health,100000.0,Jessica Harder,Julie Smith,Chaney Yeast,,,,,,,,,
Iowa,IA,2014,United Ways of IA,28287.48,"Eide & Heisinger, LLC",Matt Eide,John Pederson,Sarah Ramsey,,,,,,,,
Iowa,IA,2014,United Transportation Union,0.0,Jim Garrett,,,,,,,,,,,
Iowa,IA,2014,United Steel Workers,7625.0,Iowa Federation of Labor,Ben Murry,,,,,,,,,,
Iowa,IA,2014,United Steel Workers,7625.0,Iowa Federation of Labor,Ben Murry,,,,,,,,,,
Iowa,IA,2014,United States Fireworks Safety Commission,5000.0,Christopher Rants,,,,,,,,,,,
Iowa,IA,2014,United Professionals/UE,6000.0,Jim Obradovich,,,,,,,,,,,
Iowa,IA,2014,"United Healthcare Services, Inc.",45224.29,Brendan Hostetler,Frank Chiodo / Scott Newhard,,,,,,,,,,
Iowa,IA,2014,United Auto Workers,0.0,Andrea M. Rivera,,,,,,,,,,,
Iowa,IA,2014,Union Pacific Railroad,36000.0,Hultman Company,#NAME?,#NAME?,Triplett Enterprises Ltd.,#NAME?,,,,,,,
Iowa,IA,2014,Union Pacific Railroad,2500.0,Kelli O'Brien,,,,,,,,,,,
Iowa,IA,2014,"UCB, Inc.",0.0,Tracey Gasperi,,,,,,,,,,,
Iowa,IA,2014,U.S. Cellular,44000.0,Brian Johnson,,,,,,,,,,,
Iowa,IA,2014,"Tyson Foods, Inc.",36510.23,"Eide & Heisinger, LLC",Matt Eide,John Pederson,,,,,,,,,
Iowa,IA,2014,Truckstops of Iowa,22000.0,Brick Gentry PC,Robert Rafferty,,,,,,,,,,
Iowa,IA,2014,Treo Solutions,20000.0,Karla Fultz McHenry,,,,,,,,,,,
Iowa,IA,2014,Travel Federation of IA,5486.8,Campbell/Patterson Consulting,Amy Campbell,Craig Patterson,,,,,,,,,
Iowa,IA,2014,Trans IA,5000.0,Scott Weiser,,,,,,,,,,,
Iowa,IA,2014,Town Financial,0.0,George Appleby,Jim Careney,Jennifer Tyler,Doug Struyk,,,,,,,,
Iowa,IA,2014,"TMS Management Group, Inc",11813.0,Don Avenson,Tom Cope,Brice Oakley,,,,,,,,,
Iowa,IA,2014,TIAA-CREF,42000.0,"Fitzgerald, Joyce and Assoc.",Jerry Fitzgerald,Mark Joyce,Maggie Fitzgerald,,,,,,,,
Iowa,IA,2014,TIAA-CREF,38500.0,"Fitzgerald, Joyce & Associates",Jerry Fitzgerald,Maggie Fitzgerald,Mark Joyce,,,,,,,,
Iowa,IA,2014,The Rasmussen Group,25000.0,PRI/NC,Scott Newhard,Frank Chiodo,,,,,,,,,
Iowa,IA,2014,The Preservation of Rural Iowa Alliance,0.0,Carolyn Sheridan,Justin LaVan,Mark Truesdell,,,,,,,,,
Iowa,IA,2014,The Nature Conservancy,11000.0,Carney & Appleby PLC,Doug Struyk of Carney & Appl,George Appleby of Carney & A,Jim Carney of Carney & Apple,Jennifer Tyler of Carney & Ap,,,,,,,
Iowa,IA,2014,"The Iowa Clinic, P.C.",24000.0,Karla Fultz McHenry,,,,,,,,,,,
Iowa,IA,2014,The Iowa Association of RSVP Directors,4000.0,Jim Obradovich,Robert Mulqueen,Pete McRoberts,,,,,,,,,
Iowa,IA,2014,The Innocence Project of IA,0.0,N/A,,,,,,,,,,,
Iowa,IA,2014,The IA. Academy of Trust and Estate Counsel,12500.0,Davis Brown Law Firm,Thomas Stanberry,Katherine Carlucci,,,,,,,,,
Iowa,IA,2014,The Homestead,10000.0,L&L Murphy Consulting,Larry Murphy,Gary Grant,,,,,,,,,
Iowa,IA,2014,The Home Depot,0.0,Ian Evans,,,,,,,,,,,
Iowa,IA,2014,The Hale Group,0.0,John Hale,,,,,,,,,,,
Iowa,IA,2014,The First Tee Foundation of Greater of Des Moines,0.0,F. Richard Thornton,,,,,,,,,,,
Iowa,IA,2014,The Family Leader Foundation,8388.24,Tamara Scott,Chuck Hurley,Greg Baker,Danny Carroll,,,,,,,,
Iowa,IA,2014,The Family Leader,22264.64,Tamara Scott,Chuck Hurley,Greg Baker,Danny Carroll,,,,,,,,
Iowa,IA,2014,The Coves of Sundown Lake Owners Assn.,5000.0,Kimberly Haus,,,,,,,,,,,
Iowa,IA,2014,The Coves of Sundown Lake Owners Assn.,5000.0,Kimberly Haus,,,,,,,,,,,
Iowa,IA,2014,The Capitol Group,0.0,Jim Obradovich,Robert Mulqueen,Pete McRoberts,,,,,,,,,
Iowa,IA,2014,"Telligen, formerly IA. Foundation for Medical Care",5000.0,LS2 Group,,,,,,,,,,,
Iowa,IA,2014,Technology Assn. of IA,30000.0,"Fitzgerald, Joyce and Assoc.",Jerry Fitzgerald,Mark Joyce,Maggie Fitzgerald,,,,,,,,
Iowa,IA,2014,Technology Assn. of America d/b/a TechAmerica,1200.0,Alexi Madon,,,,,,,,,,,
Iowa,IA,2014,TEC Industries LLC,0.0,F. Richard Thornton Consulting,Whitaker Strategy Group,LS2 Group,,,,,,,,,
Iowa,IA,2014,Team IA,27000.0,Cornerstone Government Affairs,David Adelman,Frank Chiodo,,,,,,,,,
Iowa,IA,2014,"Tassel Ridge Winery, LLC",19752.0,BrownWinick Law Firm,Matthew McKinney,Marc Beltrame,,,,,,,,,
Iowa,IA,2014,Tanager Place,18560.0,Sandra Jaques,Bob Rafferty,,,,,,,,,,
Iowa,IA,2014,Takeda Pharmaceuticals America,0.0,Michael Kapocius,,,,,,,,,,,
Iowa,IA,2014,Syngenta Crop Protection,10000.0,BrownWinick,Steven Schoenebaum,,,,,,,,,,
Iowa,IA,2014,Sunovion Pharmaceuticals Inc.,13500.0,Nancy McKee,Todd Kailas,,,,,,,,,,
Iowa,IA,2014,Summit Group,15000.0,F. Richard Thornton,,,,,,,,,,,
Iowa,IA,2014,StudentsFirst,30000.0,Cornerstone Government Affairs,David Adelman,Frank Chiodo,,,,,,,,,
Iowa,IA,2014,StudentsFirst,75186.75,Cornerstone Government Affairs,Adelman/Chiodo,"Avenson, Oakley & Cope",Avenson/Cope,Patricia Link,Tim Melton,Stephen Babe,Brett Barley,,,,
Iowa,IA,2014,Storm Lake Citizens For Save the Lake,10000.0,Susan Cameron,Kelly Meyers,,,,,,,,,,
Iowa,IA,2014,Steven Schoenebaum-Personal Interest,0,Steven Schoenebaum,,,,,,,,,,,
Iowa,IA,2014,Steve Kruse Kennells,15000.0,David Scott,,,,,,,,,,,
Iowa,IA,2014,State Public Policy Group,0.0,Arlinda McKeen,Tom Slater,Jerry Addy,Stacie Bendixen,,,,,,,,
Iowa,IA,2014,State Public Defender's Office,37529.0,Samuel Langholz,Kurt Swaim,,,,,,,,,,
Iowa,IA,2014,State Police Officers Council,29246.0,PolicyWorks,John Cacciatore,Mary Earnhardt,Justin Hupfer,,,,,,,,
Iowa,IA,2014,State Farm Insurance,32100.0,craig walter,,,,,,,,,,,
Iowa,IA,2014,SSAB (f/k/a IPSCO Steel),6000.0,"Carney & Appleby, P.L.C.",#NAME?,#NAME?,#NAME?,#NAME?,,,,,,,
Iowa,IA,2014,Sprint,25429.32,Kimberly Haus,,,,,,,,,,,
Iowa,IA,2014,"Southwest Iowa Renewable Energy, LLC",4432.58,Davis Brown Law Firm,Thomas Stanberry,William Hanigan,Katherine Carlucci,,,,,,,,
Iowa,IA,2014,Southeastern Community College,1329.3,Dr. Michael Ash,,,,,,,,,,,
Iowa,IA,2014,South Western Community College (SWCC),14250.0,"Fitzgerald, Joyce and Assoc.",Jerry Fitzgerald,Maggie Fitzgerald,Mark Joyce,,,,,,,,
Iowa,IA,2014,South Western Community College (SWCC),14250.0,Consulting & Marketing Assoc.,"including Jerry Fitzgerald,","Maggie Fitzgerald, & Mark",Joyce,Tom Lesan,Barb Crittenden,Matt Thompson,Beth Kulow,,,,
Iowa,IA,2014,South Central Iowa Federation of Labor AFL-CIO,0.0,Mark Cooper,,,,,,,,,,,
Iowa,IA,2014,Society of Land Surveyors of IA,20000.0,David Scott,,,,,,,,,,,
Iowa,IA,2014,"Smithfield Foods, Inc.",42000.0,BrownWinick,Steven Schoenebaum,,,,,,,,,,
Iowa,IA,2014,SMART-Transportation Division,0.0,Jim Garrett,,,,,,,,,,,
Iowa,IA,2014,Smart Growth Coalition,15000.0,Cornerstone Government Affairs,David Adelman,Frank Chiodo,,,,,,,,,
Iowa,IA,2014,Siouxland Chamber of Commerce,0.0,Barbara Sloniker,,,,,,,,,,,
Iowa,IA,2014,Siouxland Chamber of Commerce,0.0,Robert Wagner,,,,,,,,,,,
Iowa,IA,2014,Sioux City Entertainment,0.0,LS2group,Susan Fenton,Jeff Boeyink,,,,,,,,,
Iowa,IA,2014,Sheet Metal Contractors of IA,16000.0,Cornerstone Government Affairs,David Adelman,Frank Chiodo,,,,,,,,,
Iowa,IA,2014,Scientific Games International,22000.0,BrownWinick,Matthew McKinney,Marc Beltrame,,,,,,,,,
Iowa,IA,2014,School Administrators of IA,62349.409999999996,Daniel Smith,Tom Narak,Matt Carver,,,,,,,,,
Iowa,IA,2014,Satellite Broadcasting and Communications Assn.,0.0,Craig Schoenfeld,,,,,,,,,,,
Iowa,IA,2014,Sanofi US,12454.0,Russell Sobotta,,,,,,,,,,,
Iowa,IA,2014,Sanofi Pasteur,0.0,Sarah Michael,,,,,,,,,,,
Iowa,IA,2014,Sac & Fox Tribe of the Mississippi in IA,144000.0,Thomas Jochum,,,,,,,,,,,
Iowa,IA,2014,Rural Water System No. 1,797.48,Dorman Otte,,,,,,,,,,,
Iowa,IA,2014,"Ruan, Inc.",3400.0,BrownWinick,,,,,,,,,,,
Iowa,IA,2014,"Ruan, Inc.",2000.0,LS2group,Susan Fenton,Jeff Boeyink,Charlotte Eby,,,,,,,,
Iowa,IA,2014,"Rockwell Collins, Inc.",40720.41,Thomas Hobson,,,,,,,,,,,
Iowa,IA,2014,Road Sprinkler Fitters Local 669 U.A.,0.0,Road Sprinkler Fitters,,,,,,,,,,,
Iowa,IA,2014,Riverside Casino And Golf Resort,34192.04,PRI/NC Consulting,Frank Chido,Scott Hewhard,Lane & Waterman,,,,,,,,
Iowa,IA,2014,Riverside Casino And Golf Resort,25000.0,PRI/NC,Frank Chiodo,,,,,,,,,,
Iowa,IA,2014,Renewable Energy Group (REG),30000.0,Scott Hedderich,,,,,,,,,,,
Iowa,IA,2014,Reinsurance Association of America,1000.0,Patterson Law Firm,Fred Haskins,,,,,,,,,,
Iowa,IA,2014,Reed Elsevier Inc.,37390.99,Carney & Appleby,George Appleby,Jim Carney,Jennifer Tyler,Doug Struyk,,,,,,,
Iowa,IA,2014,RedSpeed IA,27000.0,"Fitzgerald, Joyce and Assoc.",Jerry Fitzgerald,Maggie Fitzgerald,Mark Joyce,,,,,,,,
Iowa,IA,2014,"Redflex Traffic Systems, Inc.",36000.0,Brown Winick,Matt McKinney,Marc Beltrame,,,,,,,,,
Iowa,IA,2014,Redemption Centers of IA,0,-,,,,,,,,,,,
Iowa,IA,2014,Rebuild IA Coalition,0.0,Chad Kleppe,,,,,,,,,,,
Iowa,IA,2014,Reaching Higher IA,0.0,BrownWinick,,,,,,,,,,,
Iowa,IA,2014,Reach Out and Read - Iowa,5000.0,Karla Fultz McHenry,,,,,,,,,,,
Iowa,IA,2014,Rathbun Regional Water Assn.,9000.0,Emily Piper,,,,,,,,,,,
Iowa,IA,2014,RAI Service Co.,53535.37999999999,Charles W. Hutchins & Assoc.,(Susan Cameron),Kingland Consulting LLC,(Jennifer Kingland),David Spross,,,,,,,
Iowa,IA,2014,Racom Corporation,0.0,BrownWinick,,,,,,,,,,,
Iowa,IA,2014,Raccoon River Watershed Assn.,0.0,0,,,,,,,,,,,
Iowa,IA,2014,Purdue Pharma LP,0.0,Sumar Bieda,Linda Barefoot,,,,,,,,,,
Iowa,IA,2014,Public Employment Relations Board (PERB),192.3,Jamie Van Fossen,,,,,,,,,,,
Iowa,IA,2014,Public Citizen,1269.37,Aquene Freechild,,,,,,,,,,,
Iowa,IA,2014,Property Casualty Insurers Assn. of America (PCI),30996.0,Mike St. Clair,,,,,,,,,,,
Iowa,IA,2014,Project IOWA,0.0,Stephen W. Roberts,,,,,,,,,,,
Iowa,IA,2014,"Professional Solutions Insurance Services, Inc.",1912.5,Michael Whitmer,Rod Warren,Jacquie Anderson,,,,,,,,,
Iowa,IA,2014,Professional Solutions Insurance Company,6912.5,Michael Whitmer,Rod Warren,Jacquie Anderson,Craig Walter,,,,,,,,
Iowa,IA,2014,Professional Educators of IA,0.0,Rob Gray,Jim Hawkins,,,,,,,,,,
Iowa,IA,2014,Professional Developers of IA (PDI),9395.2,Campbell/Patterson Consulting,Amy Campbell,Craig Patterson,,,,,,,,,
Iowa,IA,2014,Printing Industry Midwest,883.35,David Radziej,,,,,,,,,,,
Iowa,IA,2014,Principal Financial Group,94526.0,Matthew Ahmann,Merle Pederson,Georgia Van Gundy,,,,,,,,,
Iowa,IA,2014,"Prime Therapeutics, LLC",5444.39,David Root,,,,,,,,,,,
Iowa,IA,2014,Prevent Child Abuse IA,925.0,Stephen Scott,,,,,,,,,,,
Iowa,IA,2014,Prevent Blindness IA,8500.0,Advocacy Strategies,Threase Harms,Kent Hartwig,Courtney Willits,,,,,,,,
Iowa,IA,2014,Prairie Meadows Racetrack and Casino,75000.0,"Skinner & Paschke, PLLC",Troy Skinner,Kellie Paschke,Lindsay Phillips,,,,,,,,
Iowa,IA,2014,Polk County Medical Society,15097.0,Kathie Lyman,PolicyWorks,John Cacciatore,Mary Earnhardt,Justin Hupfer,Jon Murphy,,,,,,
Iowa,IA,2014,"Polk County Health Services, Inc.",0.0,Lynn Ferrell,,,,,,,,,,,
Iowa,IA,2014,Polk County Criminal Justice Coordinating Council,37680.0,Gary Sherzan,,,,,,,,,,,
Iowa,IA,2014,Polk County - Board of Supervisors,21000.0,Brian Johnson,,,,,,,,,,,
Iowa,IA,2014,Polk County - Board of Supervisors,21000.0,Amy Campbell,,,,,,,,,,,
Iowa,IA,2014,"Plymouth Energy, L.L.C.",4432.58,Davis Brown Law Firm,Thomas Stanberry,William Hanigan,Katherine Carlucci,,,,,,,,
Iowa,IA,2014,Plumbers and Steam Fitters Local 33,31100.0,PolicyWorks,John Cacciatore,Mary Earnhardt,Justin Hupfer,Jon Murphy,,,,,,,
Iowa,IA,2014,"Plants, People and Health, LLC",9000.0,PolicyWorks,John Cacciatore,Mary Earnhardt,,,,,,,,,
Iowa,IA,2014,Planned Parenthood Voters of Iowa,6440.88,Erin Davison-Rippey,,,,,,,,,,,
Iowa,IA,2014,Planned Parenthood of the Heartland,7053.72,Erin Davison-Rippey,Kyle Carlson,,,,,,,,,,
Iowa,IA,2014,Piper Jaffray & Co.,0,none,,,,,,,,,,,
Iowa,IA,2014,Piper Consulting,0.0,Emily Piper,,,,,,,,,,,
Iowa,IA,2014,Pharmaceutical Research and Manufacturers of America (PhRMA),9946.15,Hultman Company,Cal Hultman,LS2Group,Jeffrey Boeyink,Linda Carroll-Shern,,,,,,,
Iowa,IA,2014,Pharmaceutical Care Management Assn.,10000.0,Richard Schwarm,,,,,,,,,,,
Iowa,IA,2014,Pfizer Inc. c/o Nielsen Merksamer et al,65965.69,Jim DeMay,"Skinner & Paschke, PLLC",Kellie Paschke,Lindsay Phillips,Troy Skinner,,,,,,,
Iowa,IA,2014,Petroleum Marketers Management Insurance Company (PMMIC),10000.0,Paula Feltner,Michael Heller,,,,,,,,,,
Iowa,IA,2014,Petroleum Marketers and Convenience Stores of IA,40000.0,"Skinner & Paschke, PLLC",Troiy Skinner,Kellie Paschke,Lindsay Phillips,PMCI,Dawn Carlson,,,,,,
Iowa,IA,2014,Personal Interest-Tamara Haught,0.0,Tamara Haught,,,,,,,,,,,
Iowa,IA,2014,Personal Interest-Sue Lerdal,0.0,sue lerdal,,,,,,,,,,,
Iowa,IA,2014,Personal Interest-Richard Thornton,0.0,F. Richard Thornton,,,,,,,,,,,
Iowa,IA,2014,Personal Interest-Keith Luchtel,0.0,Keith Luchtel,,,,,,,,,,,
Iowa,IA,2014,Personal Interest-Bridget Pargulski,0.0,none,,,,,,,,,,,
Iowa,IA,2014,Personal Interest-Brice Oakley,0.0,Brice Oakley,,,,,,,,,,,
Iowa,IA,2014,Personal Interest,0.0,Amy Campbell,,,,,,,,,,,
Iowa,IA,2014,Personal Care Products Council,10000.0,Triplett Enterprises Ltd.,- Michael Triplett,,,,,,,,,,
Iowa,IA,2014,"Penn National Gaming, Inc.",60000.0,Paula Feltner,Michael Heller,Lorraine May,Tina Eick,,,,,,,,
Iowa,IA,2014,Pella Corporation,15000.0,Myron Linn,,,,,,,,,,,
Iowa,IA,2014,Pawn America,16500.0,Capitol Edge,Mike St. Clair,Thomas Fey,,,,,,,,,
Iowa,IA,2014,"Pattison Sand Company, L.L.C.",0,Steven Schoenebaum,,,,,,,,,,,
Iowa,IA,2014,"Pattison Bros. Mississippi River Terminal, Inc.",0,Steven Schoenebaum,,,,,,,,,,,
Iowa,IA,2014,Patterson Law Firm LLP,0.0,Frederick Haskins,,,,,,,,,,,
Iowa,IA,2014,Pacific Battleship Center,12500.0,"Avenson, Oakley & Cope Consult",Don Avenson,Brice Oakley,Tom Cope,,,,,,,,
Iowa,IA,2014,Outdoor Advertising Assn. of IA,12000.0,Capitol Edge,Mike St. Clair,Thomas Fey,,,,,,,,,
Iowa,IA,2014,Outcomes Incorporated,21000.0,Matthew McKinney,Marc Beltrame,,,,,,,,,,
Iowa,IA,2014,Otis Elevator Company,10000.0,PolicyWorks,John Cacciatore,Mary Earnhardt,Justin Hupfer,,,,,,,,
Iowa,IA,2014,Orchard Place,16073.81,"Avenson, Oakley, & Cope",Don Avenson,Brice Oakley,Tom Cope,,,,,,,,
Iowa,IA,2014,"Optimae Life Services, Inc.",25000.0,BrownWinick,Matthew McKinney,Marc Beltrame,,,,,,,,,
Iowa,IA,2014,"OneMain Financial, formerly Citigroup Management Corp.",16000.0,"Carney & Appleby, PLC",Jim Carney,George Appleby,Jennifer Tyler,Doug Struyk,,,,,,,
Iowa,IA,2014,"On With Life, Inc.",4000.0,"Carney & Appleby, P.C.",George Appleby,Jim Carney,Jennifer Tyler,,,,,,,,
Iowa,IA,2014,Okoboji Tourism Committee,3750.0,"Eide & Heisinger, LLC",Matt Eide,John Pederson,,,,,,,,,
Iowa,IA,2014,Office of Polk County Treasurer,10760.0,Ben Lacey,,,,,,,,,,,
Iowa,IA,2014,Office of Ombudsman,7305.389999999999,Ruth H. Cooperrider,Andy Teas,,,,,,,,,,
Iowa,IA,2014,Office of Consumer Advocate,0,Office of Consumer Advocate,Mark R. Schuling,Jennifer C. Easler,Ronald C. Polle,,,,,,,,
Iowa,IA,2014,Oasis Legal Financial,27000.0,"Fitzgerald, Joyce and Assoc.",Jerry Fitzgerald,Maggie Fitzgerald,Mark Joyce,,,,,,,,
Iowa,IA,2014,Nuclear Energy Institute,0.0,Michael McGarey,,,,,,,,,,,
Iowa,IA,2014,NPI,1000.0,Doug Struyk,George Appleby,Jim Carney,Jennifer Tyler,,,,,,,,
Iowa,IA,2014,Novartis Pharmaceuticals Corporation,13686.0,Kate Kulesher,"Advocacy Strategies, LLC",Threase Harms,Kent Hartwig,Courtney Willits,,,,,,,
Iowa,IA,2014,Northwest Iowa Community College,0.0,Alethea Stubbe,Jan Snyder,,,,,,,,,,
Iowa,IA,2014,Northern Natural Gas Company,4000.0,Craig Walter,,,,,,,,,,,
Iowa,IA,2014,Northeast IA Community College,3175.0,Kristin Dietzel,Wendy Mihm-Herold,Liang Chee Wee,,,,,,,,,
Iowa,IA,2014,North IA Area Community College,23891.54,Steve Schulz,Michele Appelgate,IACCT,,,,,,,,,
Iowa,IA,2014,Noridian Mutual Insurance Company,2235.0,Brown Winick,Matthew McKinney,Marc Beltrame,,,,,,,,,
Iowa,IA,2014,NextEra Energy,48000.0,Brian Johnson,,,,,,,,,,,
Iowa,IA,2014,Newbury Management Company,8000.0,Brick Gentry PC,Robert Rafferty,,,,,,,,,,
Iowa,IA,2014,New Link Genetics,5000.0,Cornerstone Government Affairs,David Adelman,Frank Chiodo,,,,,,,,,
Iowa,IA,2014,Network of IA Christian Home Educators,0.0,William R. Gustoff,,,,,,,,,,,
Iowa,IA,2014,Neighborhood Transportation Service,2590.82,Kay Fisk,,,,,,,,,,,
Iowa,IA,2014,NECA - IA (NEC),12500.0,Brian Johnson,,,,,,,,,,,
Iowa,IA,2014,"NCMIC Insurance Services, Inc.",6912.5,Michael Whitmer,Rod Warren,Jacquie Anderson,Craig Walter,,,,,,,,
Iowa,IA,2014,NCMIC Insurance Company,1912.5,Michael Whitmer,Rod Warren,Jacquie Anderson,,,,,,,,,
Iowa,IA,2014,"NCCI, Inc.",0.0,Roy Wood,Christopher Bailey,,,,,,,,,,
Iowa,IA,2014,Natural Resources Defense Council,274.0,Katharine McCormick,,,,,,,,,,,
Iowa,IA,2014,Nationwide Mutual Ins. Co.,19000.0,Brown Winick Graves Gross,Marc Beltrame,Matthew McKinney,,,,,,,,,
Iowa,IA,2014,Nationwide Agribusiness,19000.0,Brown Winick Graves Gross,Marc Beltrame,Matthew McKinney,,,,,,,,,
Iowa,IA,2014,National Tobacco Company LP,0.0,Mark Joyce,,,,,,,,,,,
Iowa,IA,2014,National Rifle Assn. of America,27022.84,Heather Calio,,,,,,,,,,,
Iowa,IA,2014,National Orthotics Manufacturers Assn.,0.0,Edward Correia,,,,,,,,,,,
Iowa,IA,2014,National Multiple Sclerosis Society-Upper Midwest Chapter,7500.0,Advocacy Strategies,Threase Harms,Kent Hartwig,Courtney Willits,,,,,,,,
Iowa,IA,2014,"National Investigative Report, LLC",0.0,"REV. RUSSELL CLAXON, D.D.",,,,,,,,,,,
Iowa,IA,2014,National Health Freedom Action,167.7,Diane Miller,,,,,,,,,,,
Iowa,IA,2014,National Federation of Independent Business (NFIB /IA),0.0,Kristin Failor,,,,,,,,,,,
Iowa,IA,2014,National Center for Sports Safety,0,Carney Appleby,George Appleby,Jim Carney,,,,,,,,,
Iowa,IA,2014,National Career Assessment Services,0,L&L Murphy Consulting,,,,,,,,,,,
Iowa,IA,2014,"National Assn. of Social Workers, IA. Chapter",8200.0,Lyle Krewson,Denise Rathman,,,,,,,,,,
Iowa,IA,2014,National Assn. of Insurance and Financial Advisors-IA,16660.02,Scott Weiser,,,,,,,,,,,
Iowa,IA,2014,National Active & Retired Federal Employees,0.0,Darlene Freeman,Joy Bridenstine,Larry Moore,,,,,,,,,
Iowa,IA,2014,NAACP,0.0,Rudolph Simms,,,,,,,,,,,
Iowa,IA,2014,Mylan Inc.,1590.0,GTH Governmental Affairs,Noah Reandeau,,,,,,,,,,
Iowa,IA,2014,Mutual Insurance Assn. of IA,12000.0,Mike St. Clair,,,,,,,,,,,
Iowa,IA,2014,Municipal Fire & Police Retirement System of IA (MFPRSI),5222.5,"Brown, Winick, Graves law firm",Matthew McKinney,Marc Beltrame,,,,,,,,,
Iowa,IA,2014,Municipal Fire & Police Retirement System of IA (MFPRSI),0.0,Dan Cassady,BriAnna Olson,,,,,,,,,,
Iowa,IA,2014,Municipal Fire & Police Retirement System of IA (MFPRSI),0.0,Terry Slattery,,,,,,,,,,,
Iowa,IA,2014,MultiStates/Community Financial Services Assn.,26000.01,PRI/NC Consulting,Frank Chiodo,Scott Newhard,,,,,,,,,
Iowa,IA,2014,"MRDC, Inc.",3000.0,Jim Obradovich,Robert Mulqueen,Pete McRoberts,,,,,,,,,
Iowa,IA,2014,"Motorola Solutions, Inc.",53910.0,Nyemaster Goode,Paula Dierenfeld,Scott Sundstrom,Brad Epperly,,,,,,,,
Iowa,IA,2014,Motion Picture Assn. of America,25000.0,F. Richard Thornton,,,,,,,,,,,
Iowa,IA,2014,Motion Picture Assn. of America,26500.0,F. Richard,,,,,,,,,,,
Iowa,IA,2014,Mothers Against Drunk Driving,624.97,Frank Harris,,,,,,,,,,,
Iowa,IA,2014,Moral Legislation,0.0,Josh Ginn,,,,,,,,,,,
Iowa,IA,2014,Monsanto Company,95000.0,Dave Tierney,Rachel Hurley,Nyemaster,Scott Sundstrom,Brad Epperly,,,,,,,
Iowa,IA,2014,Missouri River Energy Services,22500.0,Eide & Heisinger,,,,,,,,,,,
Iowa,IA,2014,Missouri River Energy Services,18750.0,"Eide & Heisinger, LLC",Matt Eide,John Pederson,,,,,,,,,
Iowa,IA,2014,MillerCoors LLC,1350.0,LS2 Group,#NAME?,,,,,,,,,,
Iowa,IA,2014,Midwest Check Cashing Inc.,50000.0,Paula Feltner / Mike Heller,,,,,,,,,,,
Iowa,IA,2014,Middleton Center for Children's Rights,5000.0,Molly Driscoll,Julie Smith,,,,,,,,,,
Iowa,IA,2014,MidAmerican Energy Company,75837.84,John Davis,PRI NC Consulting,(Frank Chiodo),(Scott Newhard),,,,,,,,
Iowa,IA,2014,Microsoft Corp.,28168.12,"Avenson, Oakley & Cope",Don Avenson,Brice Oakley,Tom Cope,,,,,,,,
Iowa,IA,2014,MGT Gaming Technology,0.0,David Scott,,,,,,,,,,,
Iowa,IA,2014,Metropolitan Coalition,30000.0,Cornerstone Government Affairs,David Adelman,Frank Chiodo,,,,,,,,,
Iowa,IA,2014,Metro Waste Authority,23000.0,Reo Menning,Jessica Harder,Julie Smith,,,,,,,,,
Iowa,IA,2014,Metro Waste Authority,23000.0,Reo Menning,Jessica Harder,Julie Smith,,,,,,,,,
Iowa,IA,2014,"MERSCorp Holding, Inc. c/o MultiState Associates",17000.0,Christopher Rants,,,,,,,,,,,
Iowa,IA,2014,Meridian Health Plan,29700.0,Nyemaster Goode,Paula Dierenfeld,Scott Sundstrom,Brad Epperly,,,,,,,,
Iowa,IA,2014,Meredith Corporation,62875.0,Jerry L. Hadenfeldt,"CARNEY & APPLEBY, P.L.C.",James Carney,George Appleby,Jennifer Tyler,Doug Struyk,,,,,,
Iowa,IA,2014,Mercy Health Network,44500.0,Sara Eide,,,,,,,,,,,
Iowa,IA,2014,Merck Sharp & Dohme Corp.,30000.0,"Fitzgerald, Joyce and Assoc.",Jerry Fitzgerald,Maggie Fitzgerald,Mark Joyce,,,,,,,,
Iowa,IA,2014,Merck Sharp & Dohme Corp.,80351.0,Martin Matthews,"Fitzgerald, Joyce & Assoc.",Jerry Fitzgerald,Maggie Fitzgerald,Mark Joyce,,,,,,,
Iowa,IA,2014,MedImmune,15500.0,Advocacy Solutions,Courtney Willits,Kent Hartwig,Threase Harms,,,,,,,,
Iowa,IA,2014,Mediacom Communications Corporation,78049.0,Carney and Appleby PLC,Jim Carney,George Appleby,Jennifer Tyler,Doug Struyk,,,,,,,
Iowa,IA,2014,Mechanical Contractors Association of IA (MCAI),22000.0,Brian Johnson,,,,,,,,,,,
Iowa,IA,2014,McDonald's Corporation,30000.0,PRI/NC,Frank Chiodo,,,,,,,,,,
Iowa,IA,2014,Master Builders of IA,78718.0,Scott Norvell,Chad Kleppe,Marc Beltrame,Matthew McKinney,,,,,,,,
Iowa,IA,2014,March of Dimes Iowa Chapter,10000.0,Emily Piper,,,,,,,,,,,
Iowa,IA,2014,Manly Logistics Park,0.0,Jim Obradovich,,,,,,,,,,,
Iowa,IA,2014,Manatts Inc.,10000.0,Mona Bond,,,,,,,,,,,
Iowa,IA,2014,Magellan Midstream Partners,30095.6,PolicyWorks,John Cacciatore,Mary Earnhardt,Justin Hupfer,Jon Murphy,,,,,,,
Iowa,IA,2014,"Magellan Behavioral Care of IA, Inc.",24063.8,Carney & Appleby Law Firm,Jim Carney,George Appleby,Jennifer Tyler,Doug Struyk,,,,,,,
Iowa,IA,2014,"Lutheran Services in IA, Inc.",13000.0,Lyle Krewson,,,,,,,,,,,
Iowa,IA,2014,"LSCP, LLLP",4432.58,Davis Brown Law Firm,Thomas Stanberry,William Hanigan,Katherine Carlucci,,,,,,,,
Iowa,IA,2014,Louis Dreyfus Commodities LLC,4432.58,Davis Brown Law Firm,Thomas Stanberry,William Hanigan,Katherine Carlucci,,,,,,,,
Iowa,IA,2014,"LogistiCare Solutions, LLC",7350.0,Jeff Boeyink,,,,,,,,,,,
Iowa,IA,2014,Loess Hills Alliance,3500.0,Laverne Schroeder,,,,,,,,,,,
Iowa,IA,2014,Lockridge Grindal Nauen P.L.L.P,0.0,"Fitzgerald, Joyce & Associates",,,,,,,,,,,
Iowa,IA,2014,Linn County Board of Supervisors,60000.0,L&L Murphy Consulting,Larry Murphy,Gary Grant,,,,,,,,,
Iowa,IA,2014,Lights On,0.0,Brian Johnson,,,,,,,,,,,
Iowa,IA,2014,Life Serve Blood Center,10000.0,Carney & Appleby PLC,Doug Struyk,George Appleby,Jim Carney,Jennifer Tyler,,,,,,,
Iowa,IA,2014,Liberty Mutual Group,269.5,Charles Burhan,,,,,,,,,,,
Iowa,IA,2014,Leukemia & Lymphoma Society,5047.5,Dee George,Wendy Sontag,PolicyWorks,John Cacciatore,Mary Earnhardt,Justin Hupfer,,,,,,
Iowa,IA,2014,Lennox International,19800.0,"Eide & Heisinger, LLC",Matt Eide,John Pederson,,,,,,,,,
Iowa,IA,2014,Learning Disabilities Assn. of IA,1000.0,"Carney & Appleby, PLC",Jim Carney,George Appleby,Jennifer Tyler,Doug Struyk,,,,,,,
Iowa,IA,2014,League of Women Voters of IA,10000.0,Campbell/Patterson Consulting,Amy Campbell,Craig Patterson,,,,,,,,,
Iowa,IA,2014,LeadingAge Iowa,37102.0,Eide & Heisinger,Bill Nutty,Shannon Strickler,,,,,,,,,
Iowa,IA,2014,Lead Is Poison Coalition (LIP-C),0.0,Fawkes-Lee & Ryan,Marty Ryan,Stephanie Fawkes-Lee,,,,,,,,,
Iowa,IA,2014,"LDWC (Lake Delhi Watershed Committee, LLC)",0,L&L Murphy Consulting,,,,,,,,,,,
Iowa,IA,2014,Landlords of IA,3000.0,Joe Kelly,,,,,,,,,,,
Iowa,IA,2014,Lake Delhi Combined Water Quality & Recreational Facility District,24000.0,L&L Murphy Consulting Assoc.,Larry Murphy,Gary Grant,,,,,,,,,
Iowa,IA,2014,Lafarge North American,11000.0,Hultman Company,- Cal Hultman,- Michael Triplett,Triplett Enterprises Ltd.,- Michael Triplett,,,,,,,
Iowa,IA,2014,Laborers International Union of North America,4680.0,Erich Schmidt,,,,,,,,,,,
Iowa,IA,2014,Laborers International Union of North America,3500.0,James Piazza,,,,,,,,,,,
Iowa,IA,2014,L&L Murphy Consulting,0,L&L Murphy Consulting,Larry Murphy,Gary Grant,,,,,,,,,
Iowa,IA,2014,"KWIK Trip, Inc.",30000.0,LARRY BLIXT,,,,,,,,,,,
Iowa,IA,2014,Kum and Go,30000.0,"Eide & Heisinger, LLC",Matt Eide,John Pederson,,,,,,,,,
Iowa,IA,2014,Kum and Go,5500.0,Jason Bassett,,,,,,,,,,,
Iowa,IA,2014,Kronos Incorporated,17400.0,Cornerstone Government Affairs,David Adelman,Frank Chiodo,,,,,,,,,
Iowa,IA,2014,"Kraft Foods Group, Inc.",4000.0,Jeffrey Boeyink,,,,,,,,,,,
Iowa,IA,2014,"Koch Companies Public Sector, LLC and Affiliates",35009.78,"Avenson, Oakley & Cope Consult",- Don Avenson,- Tom Cope,- Brice Oakley,Christopher Graham,,,,,,,
Iowa,IA,2014,Knoxville Raceway,30000.0,David Schrader,,,,,,,,,,,
Iowa,IA,2014,Kirkwood Community College,29838.0,Steven Ovel,,,,,,,,,,,
Iowa,IA,2014,"Kirke Financial Services, Inc.",0.0,F. Richard Thorton Consulting,Whitaker Strategy Group,LS2 Group,,,,,,,,,
Iowa,IA,2014,"Kinder Morgan Energy Partners, LP",10800.0,Nyemaster Goode,Paula Dierenfeld,Scott Sundstrom,,,,,,,,,
Iowa,IA,2014,Keokuk Area Hospital,0.0,Jeff Boeyink,,,,,,,,,,,
Iowa,IA,2014,Kent Corporation,0.0,Susan Fenton,Charlotte Eby,Jeff Boeyink,,,,,,,,,
Iowa,IA,2014,Kemper Home Services Company,40000.0,Cornerstone Government Affairs,David Adelman,Frank Chiodo,,,,,,,,,
Iowa,IA,2014,"Kehl Management, Inc.",0.0,0,,,,,,,,,,,
Iowa,IA,2014,Kaplan Higher Education,45000.0,Mike Heller,Paula Feltner,,,,,,,,,,
Iowa,IA,2014,KAM Consulting,0,L&L Murphy Consulting,,,,,,,,,,,
Iowa,IA,2014,K12 Inc.,30000.0,Brick Gentry PC,Robert Rafferty,,,,,,,,,,
Iowa,IA,2014,Juvenile Detention Coalition of IA,560.0,Campbell/Patterson Consulting,Amy Campbell,Craig Patterson,,,,,,,,,
Iowa,IA,2014,Justice Reform Consortium,6000.0,Fawkes-Lee & Ryan,Marty Ryan,Stephanie Fawkes-Lee,,,,,,,,,
Iowa,IA,2014,Judicial Retirement System,0.0,David K. Boyd,Sydney Kronkow,,,,,,,,,,
Iowa,IA,2014,Josephine Gittler-Personal Interest,0,Josephine Gittler,,,,,,,,,,,
Iowa,IA,2014,"Johnson & Johnson Services, Inc.",14858.0,Nyemater Goode,Paula Dierenfeld,Brad Epperly,Scott Sundstrom,,,,,,,,
Iowa,IA,2014,"Johnson & Johnson Services, Inc.",0.0,Susan Zalenski,,,,,,,,,,,
Iowa,IA,2014,Jakes Fireworks,15000.0,PRI/NC,Scott Newhard,Frank Chiodo,,,,,,,,,
Iowa,IA,2014,Izaak Walton League - Iowa Division,0.0,michael delaney,,,,,,,,,,,
Iowa,IA,2014,"ITW, Inc.",7500.0,"Eide & Heisinger, LLC",Matt Eide,John Pederson,,,,,,,,,
Iowa,IA,2014,"ITS, Inc. & Shazam, Inc.",1256.55,John Sorensen,Sharon Presnall,Robert Hartwig,Rick Jenkins,Michael Hollinger,,,,,,,
Iowa,IA,2014,"ITS, Inc. & Shazam, Inc.",1256.55,John Sorensen,Sharon Presnall,Robert Hartwig,Rick Jenkins,Michael Hollinger,,,,,,,
Iowa,IA,2014,ITC Midwest,67350.0,Doug Collins,Lisa Stump,Todd Schulz,"Fitzgerald, Joyce and Assoc",Jerry Fitzgerald,Mark Joyce,Maggie Fitzgerald,,,,,
Iowa,IA,2014,ISRID,0.0,0,,,,,,,,,,,
Iowa,IA,2014,"Isle of Capri Casinos, Inc.",61031.0,Nyemaster Goode,Brad Epperly,Paula Dierenfeld,Scott Sundstrom,,,,,,,,
Iowa,IA,2014,"IRF Services, Inc.",0.0,Jim Henter,,,,,,,,,,,
Iowa,IA,2014,IPERS,1844.64,Donna Mueller,Judith Akre,,,,,,,,,,
Iowa,IA,2014,Iowans for Tax Relief,132996.97,Rob Solt,Ernie Adkison,Lindsay McQuarry,,,,,,,,,
Iowa,IA,2014,Iowans for Local Control,0.0,Shane Vander Hart,,,,,,,,,,,
Iowa,IA,2014,Iowans For Alternatives To Smoking And Tobacco,7000.0,Triplett Enterprises Ltd.,- Michael Triplett,,,,,,,,,,
Iowa,IA,2014,Iowans Against the Death Penalty,0.0,Fawkes-Lee & Ryan,Marty Ryan,Stephanie Fawkes-Lee,Dennis Henderson,,,,,,,,
Iowa,IA,2014,Iowans Against the Death Penalty,0,Fawkes-Lee & Ryan,Marty Ryan,,,,,,,,,,
Iowa,IA,2014,"Intoximeters, Inc.",4000.0,LS2group,Charlotte Eby,Jeff Boeyink,Susan Fenton,,,,,,,,
Iowa,IA,2014,International Union of Operating Engineers-Local 234,15000.0,James Piazza,,,,,,,,,,,
Iowa,IA,2014,International Game Technology,0.0,Michelle Chatigny,,,,,,,,,,,
Iowa,IA,2014,Interfaith Alliance of IA Action Fund,16000.0,Connie Ryan Terrell,,,,,,,,,,,
Iowa,IA,2014,Insure-Rite,10000.0,Christopher Rants,,,,,,,,,,,
Iowa,IA,2014,Insure-Rite,10000.0,Insight Communications,,,,,,,,,,,
Iowa,IA,2014,"Insurance Auto Auctions, Inc.",6000.0,Carney & Appleby,Jim Carney,George Appleby,Jennifer Tyler,Doug Struyk,,,,,,,
Iowa,IA,2014,Indian Hills Community College,0.0,Dr. Marlene Sprouse,Dr. Matt Thompson,Martha Wick,,,,,,,,,
Iowa,IA,2014,Independent Pharmacy Cooperative,30000.0,Cornerstone Government Affairs,David Adelman,Frank Chiodo,,,,,,,,,
Iowa,IA,2014,Independent Insurance Agents of IA,32000.0,Robert Skow,Larry Blixt,,,,,,,,,,
Iowa,IA,2014,IBM,10000.0,LS2group,Susan Fenton,Jeff Boeyink,Charlotte Eby,,,,,,,,
Iowa,IA,2014,IBEW IA State Conference,40000.0,Advocacy Strategies,Threase Harms,Kent Hartwig,Courtney Willits,,,,,,,,
Iowa,IA,2014,IA.Reading Research Center,9062.0,Michelle Hosp,Sara McInerny,Tracy Donohue,Therese York,,,,,,,,
Iowa,IA,2014,IA.Public Information Board,0.0,Keith Luchtel,Margaret Johnson,,,,,,,,,,
Iowa,IA,2014,IA.Premium Beef,5625.0,Jeff Boeyink,Susan Fenton,Charlotte Eby,,,,,,,,,
Iowa,IA,2014,IA. Workforce Development,30400.0,Ed Wallaace,Joe Bervid,Kerry Koonce,Teresa Wahlert,Michael Mauro,,,,,,,
Iowa,IA,2014,IA. Wine Growers Assn.,5150.0,"Eide & Heisinger, LLC",Matt Eide,John Pederson,,,,,,,,,
Iowa,IA,2014,IA. Wind Energy Assn.,10000.0,Jim Obradovich,,,,,,,,,,,
Iowa,IA,2014,IA. Wholesale Beer Distributors Assn.,53018.26,Sheila Douglas,Paula Feltner,Michael Heller,,,,,,,,,
Iowa,IA,2014,IA. Whitetail Deer Assn.,10000.0,"Fitzgerald, Joyce and Assoc.",Mark Joyce,Jerry Fitzgerald,Maggie Fitzgerald,,,,,,,,
Iowa,IA,2014,IA. Western Community College,20000.0,Matt Eide,John Pederson,,,,,,,,,,
Iowa,IA,2014,IA. Western Community College,20000.0,"Eide & Heisinger, LLC",Matt Eide,John Pederson,,,,,,,,,
Iowa,IA,2014,IA. West Racing Assn.,35000.0,Matt Eide,Craig Walter,John Pederson,,,,,,,,,
Iowa,IA,2014,IA. Water Well Assn.,9900.0,Nyemaster Goode,Paula Dierenfeld,Scott Sundstrom,Brad Epperly,,,,,,,,
Iowa,IA,2014,IA. Water Quality Association,6035.0,"Avenson, Oakley & Cope",Don Avenson,Brice Oakley,Tom Cope,,,,,,,,
Iowa,IA,2014,IA. Water and Land Legacy,0.0,Mark Langgin,,,,,,,,,,,
Iowa,IA,2014,IA. Voters for Companion Animals,7500.0,Jim Obradovich,Robert Mulqueen,Pete McRoberts,Mary LaHay,,,,,,,,
Iowa,IA,2014,IA. Veterinary Medical Assn.,13550.4,"Carney & Appleby, PLC",James Carney,George Appleby,Jennifer Tyler,Doug Struyk,,,,,,,
Iowa,IA,2014,"IA. Veterans Council, INC.",0.0,David Thornburg,,,,,,,,,,,
Iowa,IA,2014,IA. Valley Community College District,30152.7,Cindy Schulte,Christopher Duree,,,,,,,,,,
Iowa,IA,2014,IA. Utility Assn.,34325.0,Mark Douglas,Daniel Evans,,,,,,,,,,
Iowa,IA,2014,IA. Utilities Board,11317.0,Kerri Johannsen,Joan Conrad,Libby Jacobs,,,,,,,,,
Iowa,IA,2014,IA. Turkey Federation,16500.0,Jill Altringer,,,,,,,,,,,
Iowa,IA,2014,IA. Trust Assn.,1060.91,Sharon Presnall,Robert Hartwig,,,,,,,,,,
Iowa,IA,2014,IA. Trappers Assn.,2000.0,Jim Obradovich,,,,,,,,,,,
Iowa,IA,2014,IA. Transportation Museum,0.0,Michael Triplett,,,,,,,,,,,
Iowa,IA,2014,IA. Taxpayers Assn.,38200.0,Jen Kingland,Dustin Blythe,,,,,,,,,,
Iowa,IA,2014,IA. Talented and Gifted Assn.,8000.0,feltner,heller,,,,,,,,,,
Iowa,IA,2014,IA. Student Loan Liquidity Corp.,36702.0,Hultman Company:,Cal Hultman,Michael Triplett,PolicyWorks:,Justin Hupfer,John Cacciatore,Mary Earnhardt,Jon Murphy,LS2group:,Jeffrey Boeyink,Charlotte Eby,Susan Fenton
Iowa,IA,2014,IA. State Troopers Assn.,0.0,PolicyWorks,John Cacciatore,Mary Earnhardt,Justin Hupfer,,,,,,,,
Iowa,IA,2014,IA. State Treasurer's Office,9777.0,Karen Austin,Jake Friedrichsen,,,,,,,,,,
Iowa,IA,2014,IA. State Treasurer's Office,9777.0,Jake Friedrichsen,Karen Austin,,,,,,,,,,
Iowa,IA,2014,IA. State Snowmobile Assn.,22500.0,Feltner & Heller,Paula Feltner,Mike Heller,,,,,,,,,
Iowa,IA,2014,IA. State Sheriffs' & Deputies' Assn.,54000.0,Charles Hutchins and Associate,Kelly Meyers,Susan Cameron,Joe Kelly,,,,,,,,
Iowa,IA,2014,IA. State Reserve Law Officers Assn.,0.0,Campbell/Patterson Consulting,Amy Campbell,Craig Patterson,,,,,,,,,
Iowa,IA,2014,IA. State Police Assn.,51750.0,Paula Feltner,Michael Heller,,,,,,,,,,
Iowa,IA,2014,IA. State Patrol Supervisors Assn.,10000.0,Marc Beltrame,,,,,,,,,,,
Iowa,IA,2014,IA. State Fair,20000.0,Brian Johnson,,,,,,,,,,,
Iowa,IA,2014,IA. State Education Assn.,108960.84,TAMMY WAWRO,MARY COBB,MELISSA PETERSON,BRADLEY HUDSON,JAMES SMITH,,,,,,,
Iowa,IA,2014,IA. State County Treasurers Assn.,2038.25,Peg Weitl,Terri Kness,Denise Emal,Jarret Heil,Renee Twedt,Judy Crain,,,,,,
Iowa,IA,2014,IA. State Building and Construction Trades Council,37000.0,"Fey & Gomez, Inc.",Tom Fey,Mike St.Clair,,,,,,,,,
Iowa,IA,2014,IA. State Bar Assn.,94576.34,"Carney & Appleby, P.L.C.",James Carney,Jennifer Tyler,Doug Stryuk,,,,,,,,
Iowa,IA,2014,IA. State Assn. of County Supervisors,24239.72,William M. Heckroth,,,,,,,,,,,
Iowa,IA,2014,IA. State Assn. of County Auditors,3310.63,Dennis Parrott,Ken Kline,,,,,,,,,,
Iowa,IA,2014,IA. State Assn. of Counties,160732.77,"Beenken, Lucas","Cashman, Jaimie","De Groot, Hanna","Harshbarger, Kristi","Hinton, Linda","Peterson, William","Eckerman, Deb",,,,,
Iowa,IA,2014,IA. State Assn. of Assessors,26748.0,Mike Heller,Paula Feltner,,,,,,,,,,
Iowa,IA,2014,IA. Sportsman Federation,0.0,none,,,,,,,,,,,
Iowa,IA,2014,"IA. Speedway, LLC",9750.0,Jeff Boeyink,Robert Rafferty,,,,,,,,,,
Iowa,IA,2014,IA. Speech Language Hearing Assn.,14000.0,"Feltner & Heller, Attorneys",Paula Feltner,Michael Heller,,,,,,,,,
Iowa,IA,2014,IA. Soybean Assn.,126552.64,Jill Altringer,Carol Balvanz,,,,,,,,,,
Iowa,IA,2014,IA. Society of Solid Waste Operations (ISOSWO),4500.0,Jim Obradovich,Robert Mulqueen,Pete McRoberts,,,,,,,,,
Iowa,IA,2014,IA. Society of Certified Public Accountants,53578.0,Nyemaster Goode,Scott Sundstrom,Brad Epperly,Paula Dierenfeld,,,,,,,,
Iowa,IA,2014,IA. Society of Anesthesiologists,12605.56,PolicyWorks,Justin Hupfer,John Cacciatore,"Avenson, Oakley & Cope",Don Avenson,Brice Oakley,Tom Cope,,,,,
Iowa,IA,2014,IA. Society for Respiratory Care,5000.0,Davis Brown Law Firm,Kate Carlucci,,,,,,,,,,
Iowa,IA,2014,IA. Sleep Society,12500.0,Advocacy Strategies,Threase Harms,Kent Hartwig,Courtney Willits,,,,,,,,
Iowa,IA,2014,IA. Shortline and Regional Railroad Assn.,11500.0,Jim Obradovich,,,,,,,,,,,
Iowa,IA,2014,"IA. Select Farms, L.L.P.",2700.0,Brown Winick Law Firm,,,,,,,,,,,
Iowa,IA,2014,IA. Seed Association,8650.0,Brown Winick,Matt McKinney,,,,,,,,,,
Iowa,IA,2014,IA. Secretary of State,5200.0,W. Charles Smithson,,,,,,,,,,,
Iowa,IA,2014,IA. School Nurses Organization,0.0,Jim Obradovich,Robert Mulqeen,,,,,,,,,,
Iowa,IA,2014,IA. Rural Water Assn.,41736.37,Emily Piper,,,,,,,,,,,
Iowa,IA,2014,IA. Rivers Revival,5000.0,Advocacy Strategies,Threase Harms,Kent Hartwig,Courtney Willits,,,,,,,,
Iowa,IA,2014,IA. Rivers Revival,5000.0,Advocacy Strategies,Threase Harms,Kent Hartwig,Courtney Willits,Rosalyn Lehman,,,,,,,
Iowa,IA,2014,IA. Right to Life Committee,6000.0,Norman Pawlewski,,,,,,,,,,,
Iowa,IA,2014,IA. Right to Life Committee,17500.0,Eric Goranson,,,,,,,,,,,
Iowa,IA,2014,IA. Retired School Personnel Assn.,10000.0,William Wimmer,,,,,,,,,,,
Iowa,IA,2014,IA. Retail Federation,28643.98,Jim Henter,Mike Heller/ Paula Feltner,,,,,,,,,,
Iowa,IA,2014,IA. Restaurant Assn.,14050.0,CRAIG WALTER,,,,,,,,,,,
Iowa,IA,2014,IA. Renewable Fuels Assn. (IRF),52463.61,Feltner and Heller,*Paula Feltner,*Mike Heller,Grant Menke,,,,,,,,
Iowa,IA,2014,IA. Recycling Assn.,2500.0,Jim Obradovich,,,,,,,,,,,
Iowa,IA,2014,IA. Quarter Horse Racing Assn.,10000.0,Sandra Jaques,,,,,,,,,,,
Iowa,IA,2014,IA. Pyrotechnics Assn.,3000.0,PolicyWorks,John Cacciatore,Mary Earnhardt,Justin Hupfer,Jon Murphy,,,,,,,
Iowa,IA,2014,IA. Public Transit Assn. (IPT),22585.1,"Fitzgerald, Joyce and Assoc.",Jerry Fitzgerald,Maggie Fitzgerald,Mark Joyce,,,,,,,,
Iowa,IA,2014,IA. Public Transit Assn. (IPT),22585.1,"Fitzgerald, Joyce and Assoc",Jerry Fitzgerald,Maggie Fitzgerald,Mark Joyce,,,,,,,,
Iowa,IA,2014,IA. Public Television,3186.6899999999996,Molly M. Phillips,Kristen L. Gray,,,,,,,,,,
Iowa,IA,2014,IA. Public Health Assn.,479.0,Jeneane Moody,,,,,,,,,,,
Iowa,IA,2014,IA. Public Airports Assn.,8500.0,Jim Obradovich,,,,,,,,,,,
Iowa,IA,2014,IA. Public Agency Investment Trust,10086.0,Dustin Miller,Bruce Bergman,Alan Kemp,,,,,,,,,
Iowa,IA,2014,IA. Psychological Assn.,16697.5,Campbell/Patterson Consulting,Amy Campbell,Craig Patterson,,,,,,,,,
Iowa,IA,2014,IA. Psychiatric Society,10000.0,Emily Piper,,,,,,,,,,,
Iowa,IA,2014,"IA. Prosthetics, Orthotics, Pedorthotics Assn.",11666.62,PolicyWorks,John Cacciatore,Mary Earnhardt,Justin Hupfer,,,,,,,,
Iowa,IA,2014,IA. Propane Gas Assn.,39020.0,Nyemaster Goode,Brad Epperly,Scott Sundstrom,Paula Dierenfeld,,,,,,,,
Iowa,IA,2014,IA. Professional Fire Fighters,27308.33,PolicyWorks,John Cacciatore,Mary Earnhardt,Justin Hupfer,Jon Murphy,,,,,,,
Iowa,IA,2014,IA. Primary Care Association,2713.8,Campbell/Patterson Consulting,Amy Campbell,Craig Patterson,,,,,,,,,
Iowa,IA,2014,IA. Precinct Atlas Consortium,0.0,Ken Kline,,,,,,,,,,,
Iowa,IA,2014,IA. Precinct Atlas Consortium,0.0,Ken Kline,,,,,,,,,,,
Iowa,IA,2014,IA. Precinct Atlas Association of County Auditors,0.0,Ken Kline,,,,,,,,,,,
Iowa,IA,2014,IA. Poultry Assn.,17500.0,Jill Altringer,,,,,,,,,,,
Iowa,IA,2014,IA. Pork Producers Assn. (IPP),36257.5,Eldon McAfee,Cody McKinley,"Fitzgerald, Joyce and Assoc",Jerry Fitzgerald,Maggie Fitzgerald,Mark Joyce,,,,,,
Iowa,IA,2014,IA. Police Chief Assn. (FKA IA. Police Executive Forum),2500.0,L&L Murphy Consulting,Larry Murphy,Gary Grant,,,,,,,,,
Iowa,IA,2014,"IA. Poker Network, LLC",0.0,0,,,,,,,,,,,
Iowa,IA,2014,IA. Podiatric Medical Society,20856.0,Fey & Gomez,Tom Fey,,,,,,,,,,
Iowa,IA,2014,IA. Physician Assistant Society,11125.0,"Avenson, Oakley & Cope",Don Avenson,Brice Oakley,Tom Cope,,,,,,,,
Iowa,IA,2014,IA. Physical Therapy Assn.,20500.0,"Eide & Heisinger, LLC",Matt Eide,John Pederson,,,,,,,,,
Iowa,IA,2014,IA. Pharmacy Assn.,29744.72,"Wasker,Dorr,Wimmer&Marcouiller",William Wimmer,Angela Davis,Kate Gainer,,,,,,,,
Iowa,IA,2014,IA. Peace Officers Assn.,15000.0,"Skinner & Paschke, PLLC",Troy Skinner,Kellie Paschke,Lindsay Phillips,,,,,,,,
Iowa,IA,2014,IA. Outdoor Partnership,0.0,Larry G. Lepper,,,,,,,,,,,
Iowa,IA,2014,IA. Osteopathic Medical Assn.,16200.0,Sandra Jaques,,,,,,,,,,,
Iowa,IA,2014,"IA. Orthopaedic Center, P.C.",30000.0,Davis Brown Law Firm,Thomas Stanberry,Katherine Carlucci,,,,,,,,,
Iowa,IA,2014,IA. Optometric Assn.,33000.0,"GOVCOM, Inc.",,,,,,,,,,,
Iowa,IA,2014,IA. Operators of Music & Amusement,25000.0,PRI/NC,Frank Chiodo,,,,,,,,,,
Iowa,IA,2014,IA. One Call,15250.0,CRAIG WALTER,,,,,,,,,,,
Iowa,IA,2014,IA. Occupational Therapy Assn.,7000.0,Advocacy Strategies,Threase Harms,Kent Hartwig,Courtney Willits,,,,,,,,
Iowa,IA,2014,IA. Nurses Association,7500.0,Jim Obradovich,Robert Mulqueen,,,,,,,,,,
Iowa,IA,2014,IA. Nurse Practitioners Society,2500.0,Joe Kelly,,,,,,,,,,,
Iowa,IA,2014,IA. Nurse Practitioners Society,5500.0,Joe Kelly,,,,,,,,,,,
Iowa,IA,2014,IA. Newspaper Assn.,91386.0,Nyemaster Goode,Scott Sundstrom,Brad Epperly,Paula Dierenfeld,,,,,,,,
Iowa,IA,2014,"IA. Network Services, Inc.",10500.0,Wasker Law Firm,,,,,,,,,,,
Iowa,IA,2014,IA. Nebraska Farm Equipment Dealers Assn.,10000.0,Cornerstone Government Affairs,David Adelman,Frank Chiodo,,,,,,,,,
Iowa,IA,2014,IA. Naturopathic Physicians Assn.,0.0,"Carney & Appleby, PLC",Jim Carney,George Appleby,Jennifer Tyler,Doug Struyk,,,,,,,
Iowa,IA,2014,IA. Natural Heritage Foundation,9950.0,Advocacy Cooperative,Craig Patterson,Amy Campbell,INHF Staff,,,,,,,,
Iowa,IA,2014,IA. Municipalities Workers' Compensation Assn.,14002.0,Dustin Miller,Bruce Bergman,Alan Kemp,,,,,,,,,
Iowa,IA,2014,IA. Motorcycle Dealers Assn.,7500.0,Mark Maxwell,,,,,,,,,,,
Iowa,IA,2014,IA. Motor Truck Assn.,55000.0,David Scott,,,,,,,,,,,
Iowa,IA,2014,IA. Mortgage Assn.,1060.91,Sharon Presnall,Robert Hartwig,,,,,,,,,,
Iowa,IA,2014,IA. Minuteman Civil Defense Corps,0.0,Robert A. Ussery,,,,,,,,,,,
Iowa,IA,2014,IA. Mental Health Counselors Assn.,5000.0,Emily Piper,,,,,,,,,,,
Iowa,IA,2014,IA. Medical Society,100682.0,Brick Gentry Law Firm,Robert Rafferty,"Iowa Policy, Inc.",Sandi Jacques,Clare Kelly,Jeanine Freeman,Ashley Englebrecht,Sandy Nelson,Dennis Tibben,Kate Walton,R Edward Whitver,
Iowa,IA,2014,IA. Medical Group Management Assn.,6250.0,"Eide & Heisinger, LLC",Matt Eide,John Pederson,,,,,,,,,
Iowa,IA,2014,IA. Manufactured Housing Assn.,3000.0,Joe Kelly,,,,,,,,,,,
Iowa,IA,2014,IA. Lumber Assn.,18565.0,"Wasker, Dorr, Wimmer, & Marcou",William J. Wimmer,Angela Kenyon Davis,,,,,,,,,
Iowa,IA,2014,IA. Lottery Authority,24460.0,Mary Neubauer,Molly Juffernbruch,,,,,,,,,,
Iowa,IA,2014,IA. Lodging Assn.,12450.0,CRAIG D WALTER,,,,,,,,,,,
Iowa,IA,2014,IA. Limestone Producers Association,2315.0,Richard E. White,,,,,,,,,,,
Iowa,IA,2014,IA. Library Assn. (ILA),18135.87,Campbell/Patterson Consulting,Craig Paterson,Amy Campbell,,,,,,,,,
Iowa,IA,2014,IA. Legal Aid,4668.35,Dennis Groenenboom,Scott Hartsook,,,,,,,,,,
Iowa,IA,2014,IA. League of Resource Conservation & Development Councils,0.0,none,,,,,,,,,,,
Iowa,IA,2014,IA. League of Cities,217064.0,Dustin Miller,Bruce Bergman,Alan Kemp,Jessica Harder (contract fees),Joe Helfenberger,,,,,,,
Iowa,IA,2014,IA. Landlord Assn.,3000.0,Joe Kelly,,,,,,,,,,,
Iowa,IA,2014,IA. Land Title Assn.,24514.02,Mike St. Clair,,,,,,,,,,,
Iowa,IA,2014,IA. Lakes Community College,17400.0,Valerie Newhouse,IACCT,,,,,,,,,,
Iowa,IA,2014,IA. Judicial Branch - Supreme Court,75939.47,David K. Boyd,Sydney Kronkow,Molly Kottmeyer,Timothy Eckley,,,,,,,,
Iowa,IA,2014,IA. Judges Assn.,40000.0,"Wasker, Dorr, Wimmer & Marcoui",William Wimmer,Angela Davis,,,,,,,,,
Iowa,IA,2014,IA. Jewelers Association  % C.E. Kuba,0,Steven Schoenebaum,,,,,,,,,,,
Iowa,IA,2014,IA. Interior Design Coalition,1635.0,"Carney & Appleby, PLC","Jim Carney, Jenny Tyler",,,,,,,,,,
Iowa,IA,2014,IA. Interfaith Power & Light,300.0,Susan Guy,,,,,,,,,,,
Iowa,IA,2014,IA. Interactive,15000.0,"Avenson, Oakley & Cope",Don Avenson,Brice Oakley,Tom Cope,,,,,,,,
Iowa,IA,2014,IA. Insurance Institute,60789.0,Davis Brown Law Firm,Steve Morain,Thomas Stanberry,Katherine Carlucci,,,,,,,,
Iowa,IA,2014,IA. Insurance Division,20625.0,Tom Alger,Nick Gerhart,Craig Goettsch,Angel Robinson,,,,,,,,
Iowa,IA,2014,IA. Institute for Cooperatives,58615.0,Dave Holm,Kayla Lyon,Drue Sander,,,,,,,,,
Iowa,IA,2014,IA. Independent Physician Group,36000.0,Karla Fultz McHenry,,,,,,,,,,,
Iowa,IA,2014,IA. Independent Automobile Dealers Assn.,13500.0,"James P. Piazza, Jr.",,,,,,,,,,,
Iowa,IA,2014,IA. Housing Trust Funds Advocates Network,7500.0,"Avenson, Oakley & Cope",Don Avenson,Brice Oakley,Tom Cope,,,,,,,,
Iowa,IA,2014,IA. Hospital Assn.,200200.0,Greg Boattenhamer,Sara Allen,Kirk Norris,Maureen Keehnle,Laura Malone,Dan Royer,,,,,,
Iowa,IA,2014,IA. Homeland Security & Emergency Management Div.,500.0,Mark J. Schouten,,,,,,,,,,,
Iowa,IA,2014,IA. Hearing Assn.,3000.0,Joe Kelly,,,,,,,,,,,
Iowa,IA,2014,IA. Health Care Assn.,90000.0,Steve Ackerson,Cindy Baddeloo,Julie Adair,Ted Stopulos,MaryJane Carothers,Charles W. Hutchins&Associates,(Susan Cameron &,Kellly Meyers),,,,
Iowa,IA,2014,IA. Health Buyers Alliance,0,Paul Pietzsch,,,,,,,,,,,
Iowa,IA,2014,IA. Head Start Assn.,2500.0,Lana Ross,,,,,,,,,,,
Iowa,IA,2014,IA. Harness Horsemen's Assn.,15000.0,"Eide & Heisinger, LLC",Matt Eide,John Pederson,,,,,,,,,
Iowa,IA,2014,IA. Grocery Industry Assn.,68548.0,Nyemaster Goode,Scott Sundstrom,Brad Epperly,Paula Dierenfeld,,,,,,,,
Iowa,IA,2014,IA. Greyhound Assn.,27500.0,"Avenson, Oakley & Cope",Don Avenson,Brice Oakley,Tom Cope,,,,,,,,
Iowa,IA,2014,IA. Greyhound Assn.,25000.0,Crawford & Mauro Law Firm,Jerry Crawford,Nick Mauro,Quilty Law Firm,Jim Quilty,,,,,,,
Iowa,IA,2014,IA. Greenhouse Growers,6000.0,LARRY BLIXT,,,,,,,,,,,
Iowa,IA,2014,IA. Good Roads Assn.,58000.0,David,,,,,,,,,,,
Iowa,IA,2014,IA. Golf Course Owners Assn.,10000.0,F. Richard Thornton,,,,,,,,,,,
Iowa,IA,2014,IA. Geothermal Assn.,11700.0,Nyemaster Goode,Paula Dierenfeld,Scott Sundstrom,Brad Epperly,,,,,,,,
Iowa,IA,2014,IA. Gaming Assn.,49895.0,Wes Ehrecke,,,,,,,,,,,
Iowa,IA,2014,IA. Funeral Directors Assn.,29682.0,Suzanne M. Gebel,Triplett Enterprises,,,,,,,,,,
Iowa,IA,2014,IA. Fund of Funds,0.0,DennisMurdock,,,,,,,,,,,
Iowa,IA,2014,IA. Friends of Legal Services,8000.0,Paula Feltner,Michael Heller,,,,,,,,,,
Iowa,IA,2014,IA. Friends of Legal Services,8000.0,Paula Feltner,Michael Heller,,,,,,,,,,
Iowa,IA,2014,IA. Foster and Adoptive Parents Assn.,0.0,Matt Eide,John Pederson,,,,,,,,,,
Iowa,IA,2014,IA. Food Bank Association,6001.74,Cory Berkenes,,,,,,,,,,,
Iowa,IA,2014,IA. Firefighters Assn. (IFA),23000.0,"Eide & Heisinger, LLC",Matt Eide,John Pederson,,,,,,,,,
Iowa,IA,2014,"IA. Firearms Coalition, Inc.",0.0,John Reed,,,,,,,,,,,
Iowa,IA,2014,IA. Finance Authority,58000.0,Lori Beary,Gerald LoRang,Dave Jamison,Wes Peterson,Carolann Jensen,Mark Thompson,Geri Huser,Carla Pope,,,,
Iowa,IA,2014,IA. Fertilizer,12000.0,LS2 Group,Chuck Larson,,,,,,,,,,
Iowa,IA,2014,"IA. Federation of Labor, AFL-CIO",19846.45,Charlie Wishman,,,,,,,,,,,
Iowa,IA,2014,"IA. Federation of Labor, AFL-CIO",0.0,Charlie Wishman,Wayne Sawtelle,,,,,,,,,,
Iowa,IA,2014,IA. Federation of Humane Societies,6250.0,Kim Haus,,,,,,,,,,,
Iowa,IA,2014,IA. Federation of Animal Owners,15000.0,Jill Altringer,,,,,,,,,,,
Iowa,IA,2014,IA. Farmers Union,8000.0,Advocacy Strategies,Threase Harms,Kent Hartwig,Courtney Willits,,,,,,,,
Iowa,IA,2014,IA. Farmers Union,5035.0,Advocacy Strategies LLC,Threase Harms,Kent Hartwig,Courtney Willits,,,,,,,,
Iowa,IA,2014,IA. Farm Bureau Federation,87961.0,Rick Robinson,Christina Gruenhagen,Don Petersen,Marty Schwager,Matt Steinfeldt,Don McDowell,Zachary Bader,,,,,
Iowa,IA,2014,IA. Faith & Freedom Coalition,10000.0,Norman Pawlewski,,,,,,,,,,,
Iowa,IA,2014,IA. Ethics and Campaign Disclosure Board,8686.25,Megan Tooker,Cohl Bultje,,,,,,,,,,
Iowa,IA,2014,IA. Ethanol Producers Assn.,42500.0,"Eide & Heisinger, LLC",Matt Eide,John Pederson,,,,,,,,,
Iowa,IA,2014,IA. Environmental Health Assn.,0.0,Eric Bradley,,,,,,,,,,,
Iowa,IA,2014,IA. Environmental Council,11000.0,Jim Obradovich,Robert Mulqueen,,,,,,,,,,
Iowa,IA,2014,IA. Environmental Council,15500.0,Jim OBradovich-,#NAME?,Nathaniel Baer,Ralph Rosenberg,,,,,,,,
Iowa,IA,2014,IA. Engineering Society,35000.0,"35,000",,,,,,,,,,,
Iowa,IA,2014,IA. Emergency Medical Services Assn.,13750.0,Triplett Enterprises Ltd.,- Michael Triplett,Kenworthy Law Firm,- Lynzey Kenworthy,,,,,,,,
Iowa,IA,2014,IA. Emergency Management Assn.,9500.0,Advocacy Strategies,Threase Harms,Kent Hartwig,Courtney Willits,,,,,,,,
Iowa,IA,2014,IA. Elk Breeders Assn.,1500.0,Jim Obradovich,,,,,,,,,,,
Iowa,IA,2014,IA. Educational Freedom Alliance,0.0,William R. Gustoff,,,,,,,,,,,
Iowa,IA,2014,IA. Economic Development Authority,2436.1,Rita C. Grimm,Kristin Hanks,Robert Palmer,,,,,,,,,
Iowa,IA,2014,IA. Economic Development Authority,48000.0,Tim Whipple,,,,,,,,,,,
Iowa,IA,2014,IA. Drainage District Assn.,22496.25,Carney & Appleby,Jim Carney,George Appleby,Jennifer Tyler,Doug Struyk,Capitol Communications,Mona Bond,John T.  Torbert,,,,
Iowa,IA,2014,IA. Donor Network,24000.0,Charles W. Hutchins & Assoc.,0,,,,,,,,,,
Iowa,IA,2014,IA. Division of Banking,12000.0,Shauna Shields,,,,,,,,,,,
Iowa,IA,2014,IA. Distillers Alliance,0.0,Jim Obradovich,Robert Mulqueen,Pete McRoberts,,,,,,,,,
Iowa,IA,2014,IA. Developmental Disabilities Council,9825.0,Rik Shannon,,,,,,,,,,,
Iowa,IA,2014,IA. Dept. on Aging/Long Term Ombudsman,51500.0,Deanna Clingan-Fischer,,,,,,,,,,,
Iowa,IA,2014,IA. Dept. on Aging,39550.0,Donna Harvey,Kimberly Murphy,,,,,,,,,,
Iowa,IA,2014,IA. Dept. of Transportation,30340.22,Mikel Derby,Paul Trombino III,,,,,,,,,,
Iowa,IA,2014,IA. Dept. of Revenue & Finance,45811.21,Julie Roisen,Victoria Daniels,Jim McNulty,Courtney Kay-Decker,,,,,,,,
Iowa,IA,2014,IA. Dept. of Public Safety,25500.0,Amber Markham,,,,,,,,,,,
Iowa,IA,2014,IA. Dept. of Public Health,40200.0,Deborah Thompson,,,,,,,,,,,
Iowa,IA,2014,IA. Dept. of Public Defense,11720.0,Katherine Barton,Michael Kuehn,,,,,,,,,,
Iowa,IA,2014,IA. Dept. of Natural Resources,2378630.8,Sharon Tahtinen,Diane Ford,,,,,,,,,,
Iowa,IA,2014,IA. Dept. of Inspections and Appeals,69799.14,Rod Roberts,Beverly Zylstra,,,,,,,,,,
Iowa,IA,2014,IA. Dept. of Human Services,59000.0,Jennifer Harbison,Charles Palmer,,,,,,,,,,
Iowa,IA,2014,IA. Dept. of Human Rights,29007.38,San Wong,,,,,,,,,,,
Iowa,IA,2014,IA. Dept. of Education,85565.87999999999,Jeff Berger,Brad Buck,Mike Cormack,Barb Corson,Matthew Coulter,David Mitchell,Nicole Proesch,David Tilly,Jeremy Varner,Phil Wise,Ryan Wise,Michelle Hosp
Iowa,IA,2014,IA. Dept. of Agriculture,40000.0,Matt Gronewald,,,,,,,,,,,
Iowa,IA,2014,IA. Dept. for the Blind,0.0,None,,,,,,,,,,,
Iowa,IA,2014,IA. Dental Hygienists Assn.,10040.0,"Avenson, Oakley & Cope",Don Avenson,Brice Oakley,Tom Cope,,,,,,,,
Iowa,IA,2014,IA. Dental Board,0.0,Phil McCollum,,,,,,,,,,,
Iowa,IA,2014,IA. Dental Assn.,38834.0,BarbaraBlough,LawrenceCarl,"Feltner & Heller, Attorneys",Paula Feltner,Mike Heller,,,,,,,
Iowa,IA,2014,IA. Defense Counsel Assn.,21386.0,Nyemaster Goode,Scott Sundstrom,Brad Epperly,Paula Dierenfeld,,,,,,,,
Iowa,IA,2014,IA. Dairy Foods Assn.,23087.37,JUstin LaVan,Mark Truesdell,,,,,,,,,,
Iowa,IA,2014,IA. Credit Union League,75000.0,Pat Jury,"PolicyWorks, LLC",Jon Murphy,Mary Earnhardt,John Cacciatore,Justin Hupfer,,,,,,
Iowa,IA,2014,IA. Court Reporters Assn.,1200.0,"Wasker, Dorr, Wimmer & Marcoui",,,,,,,,,,,
Iowa,IA,2014,IA. County Recorders Assn.,1424.3899999999999,Megan Clyman,Kristin Colby,Kathy Flynn-Thurlow,Susan Vandekamp,,,,,,,,
Iowa,IA,2014,IA. County Engineers Assn.,0.0,Lyle Brehm,,,,,,,,,,,
Iowa,IA,2014,IA. County Attorneys Assn.,35000.0,Charles W. Hutchins Assoc. Inc,"Susan Cameron, Joe Kelly",,,,,,,,,,
Iowa,IA,2014,IA. Council of Health Care Centers,8000.0,"Carney & Appleby, PLC",Jim Carney,George Appleby,Jennifer Tyler,Doug Struyk,,,,,,,
Iowa,IA,2014,IA. Cosmetology School Assn.,12000.0,Advocacy Strategies,Threase Harms,Kent Hartwig,Courtney Willits,,,,,,,,
Iowa,IA,2014,IA. Corn Growers Assn.(ICG),70296.92,"Fitzgerald, Joyce & Assoc",Jerry Fitzgerald,Maggie Fitzgerald,Mark Joyce,Mindy Poldberg,,,,,,,
Iowa,IA,2014,IA. Coon Hunters Assn.,1000.0,Jim Obradovich,,,,,,,,,,,
Iowa,IA,2014,IA. Conservation Alliance,15000.0,Mike Heller,Paula Feltner,,,,,,,,,,
Iowa,IA,2014,IA. Comprehensive Petroleum Storage Tank Fund Board,0.0,Scott Scheidel,,,,,,,,,,,
Iowa,IA,2014,"IA. Competitive Bidding Alliance, Inc.",8027.81,JIm Carney,George Appleby,Doug Struyk,Jennifer Tyler,,,,,,,,
Iowa,IA,2014,IA. Community Foundations,25000.0,Cornerstone Government Affairs,David Adelman,Frank Chiodo,,,,,,,,,
Iowa,IA,2014,IA. Community Action Assn.,4603.0,Lana Ross,,,,,,,,,,,
Iowa,IA,2014,IA. Communities Assurance Pool (ICAP),4750.0,"Avenson, Oakley & Cope",Don Avenson,Brice Oakley,Tom Cope,,,,,,,,
Iowa,IA,2014,IA. Communications Network ICN/ITTC,19200.0,Mark Johnson,,,,,,,,,,,
Iowa,IA,2014,IA. Communications Alliance,100528.59,"Nyemaster, Goode Law Firm",#NAME?,#NAME?,#NAME?,Dave Duncan,Joe Hrdlicka,Capitol Edge,#NAME?,#NAME?,,,
Iowa,IA,2014,IA. Commission on Volunteer Services,0.0,Adam Lounsury,Pete McRoberts,Emily Shields,,,,,,,,,
Iowa,IA,2014,IA. Commercial Real Estate Assn. (ICREA),3000.0,Carney Appleby etal,James Carney,,,,,,,,,,
Iowa,IA,2014,IA. Collision Repair Assn.,7000.0,Scott Weiser,,,,,,,,,,,
Iowa,IA,2014,IA. College Student Aid Commission,19040.32,Julie Leeper,,,,,,,,,,,
Iowa,IA,2014,IA. College Access Network,18750.0,"Fey & Gomez, Inc.",Tom Fey,Mike St. Clair,,,,,,,,,
Iowa,IA,2014,IA. Coalition Against Sexual Assault,5000.0,Campbell/Patterson Consulting,Amy Campbell,Craig Patterson,,,,,,,,,
Iowa,IA,2014,IA. Coalition Against Domestic Violence,12000.0,Kenworthy Law Firm,Lynzey Kenworthy,,,,,,,,,,
Iowa,IA,2014,IA. Civil Rights Commission,0.0,Beth Townsend,,,,,,,,,,,
Iowa,IA,2014,IA. Citizens for Community Improvement Action Fund,22862.839999999997,Natalie Snyders,Evan Burger,Ana Mancebo,Jessica Mazour,Bridget Fagan,Vanessa Marcano,David Goodner,Matthew Covington,Adam Mason,Hugh Espey,,
Iowa,IA,2014,IA. Citizen Action Network (ICAN),43.27,Frank Driscoll,Sue Dinsdale,,,,,,,,,,
Iowa,IA,2014,IA. Chronic Care Consortium,0,L&L Murphy Consulting,Larry Murphy,Gary Grant,,,,,,,,,
Iowa,IA,2014,IA. Chiropractic Society,27825.0,"Fitzgerald, Joyce and Assoc.",Jerry Fitzgerald,Maggie Fitzgerald,Mark Joyce,,,,,,,,
Iowa,IA,2014,IA. Chiropractic Physicians Clinic LLC,16000.0,"Eide & Heisinger, LLC",Matt Eide,John Pederson,,,,,,,,,
Iowa,IA,2014,IA. Chapter-American Academy of Pediatrics,24000.0,Cornerstone Government Affairs,David Adelman,Frank Chiodo,,,,,,,,,
Iowa,IA,2014,"IA. Chapter, American Society of Landscape Architects",3500.0,"Avenson, Oakley & Cope",Don Avenson,Brice Oakley,Tom Cope,,,,,,,,
Iowa,IA,2014,"IA. Chapter, American Institute of Architects",13500.0,Nyemaster Goode,Paula Dierenfeld,Scott Sundstrom,Brad Epperly,,,,,,,,
Iowa,IA,2014,IA. Chapter of Sierra Club,16100.0,Neila Seaman,Sandra Simmons,,,,,,,,,,
Iowa,IA,2014,IA. Chapter of American Society of Home Inspectors,0,L&L Murphy Consulting,,,,,,,,,,,
Iowa,IA,2014,IA. Chamber Alliance,51600.0,John Stineman,Nyemaster Goode,Brad Epperly,Scott Sundstrom,Paula Dierenfeld,,,,,,,
Iowa,IA,2014,IA. Central Community College (ICC),18750.0,"Fitzgerald, Joyce and Assoc.",Jerry Fitzgerald,Maggie Fitzgerald,Mark Joyce,,,,,,,,
Iowa,IA,2014,IA. Central Community College (ICC),49000.0,DanKinney,Ks,James Kersten,,,,,,,,,
Iowa,IA,2014,IA. Center for Assisted Living,54000.0,Steve Ackerson,Cindy Baddeloo,Ted Stopulos,Julie Adair,MaryJane Carothers,Charles W. Hutchins&Associates,(Susan Cameron &,Kelly Meyers),,,,
Iowa,IA,2014,IA. Cemetery Assn. - Association of IA Cemeteries (ICA-AIC),7850.0,"Fitzgerald, Joyce and Assoc.",Jerry Fitzgerald,Maggie Fitzgerald,Mark Joyce,,,,,,,,
Iowa,IA,2014,IA. Cattlemen's Assn.,35000.0,"Skinner & Paschke, PLLC",Troy Skinner,Kellie Paschke,Lindsay Phillips,Iowa Cattlemen's Association,Justine Stevenson,,,,,,
Iowa,IA,2014,IA. Catholic Conference,48000.0,Tom Chapman,Joan Thompson,Larry Murphy,,,,,,,,,
Iowa,IA,2014,IA. CareGivers Assn.,1700.0,Diana Findley,Julie McMahon,,,,,,,,,,
Iowa,IA,2014,IA. Capital Investment Corporation (ICIC),0.0,DennisMurdock,,,,,,,,,,,
Iowa,IA,2014,IA. Cable and Telecommunications Assn.,31875.0,Bill Peard,,,,,,,,,,,
Iowa,IA,2014,IA. Business Council,0.0,Elliott G. Smith,,,,,,,,,,,
Iowa,IA,2014,IA. Broadcasters Assn.,26339.0,Nyemaster Goode,Scott Sundstrom,Brad Epperly,Paula Dierenfeld,,,,,,,,
Iowa,IA,2014,IA. Bowhunters Assn.,5000.0,"Avenson,Oakley & Cope",Don Avenson,Brice Oakley,Tom Cope,,,,,,,,
Iowa,IA,2014,IA. Bowhunters Assn.,5000.0,"Avenson, Oakley & Cope",Don Avenson,Tom Cope,,,,,,,,,
Iowa,IA,2014,IA. Board of Parole,0.0,Iowa Board of Parole,,,,,,,,,,,
Iowa,IA,2014,IA. Board of Nursing,0.0,none,,,,,,,,,,,
Iowa,IA,2014,IA. Board of Nursing,3031.1099999999997,Kathy Weinberg,Laura Hudson,Kathleen Beebout,,,,,,,,,
Iowa,IA,2014,IA. Board of Medicine,0.0,"Mark Bowden, Exec Director",,,,,,,,,,,
Iowa,IA,2014,IA. Board of Educational Examiners,9999.0,Duane T. Magee,Darcy Lane,Phil Wise,,,,,,,,,
Iowa,IA,2014,IA. Board of Certification,3125.0,"Avenson, Oakley & Cope",Don Avenson,Brice Oakley,Tom Cope,,,,,,,,
Iowa,IA,2014,IA. Biotechnology Assn.,24504.0,Capitol Edge,Mike St. Clair,Tom Fey,Joe Hrdlicka,Rachel Hurley,,,,,,,
Iowa,IA,2014,IA. Biodiesel Board,24021.7,Randy Olson,Grant Kimberley,Gary Dickey,,,,,,,,,
Iowa,IA,2014,IA. Bicycle Coalition,3000.0,Jim Obradovich,Robert Mulqueen,,,,,,,,,,
Iowa,IA,2014,IA. Behavioral Health Assn. (IBHA),22250.0,Deanna Triplett,The Advocacy Partnership,Amy Campbell,Craig Patterson,,,,,,,,
Iowa,IA,2014,IA. Bankers Mortgage Corp.,1257.1000000000001,John Sorensen,Sharon Presnall,Robert Hartwig,,,,,,,,,
Iowa,IA,2014,"IA. Bankers Insurance & Services, Inc.",1257.1000000000001,John Sorensen,Sharon Presnall,Robert Hartwig,,,,,,,,,
Iowa,IA,2014,IA. Bankers Assn.,19248.86,John Sorensen,Sharon Presnall,Robert Hartwig,,,,,,,,,
Iowa,IA,2014,IA. Automobile Recyclers Assn.,15000.0,JAMES PIAZZA,,,,,,,,,,,
Iowa,IA,2014,IA. Automobile Recyclers Assn.,15000.0,James Piazza,,,,,,,,,,,
Iowa,IA,2014,IA. Automobile Dealers Assn.,88987.0,Bruce Anderson,Brittany Bungert,"Nyemaster Goode, PC",Brad Epperly,Paula Dierenfeld,Scott Sundstrom,,,,,,
Iowa,IA,2014,IA. Automatic Merchandising Association,5000.0,Stephen W. Roberts,,,,,,,,,,,
Iowa,IA,2014,IA. Attorney General Dept. of Justice,40895.0,Eric Tabor,Bill Brauch,Kevin McCarthy,,,,,,,,,
Iowa,IA,2014,IA. Athletic Trainers Society,1500.0,"Carney & Appleby, P.L.C.",Jim Carney,Jennifer Tyler,,,,,,,,,
Iowa,IA,2014,IA. Assn. of Water Agencies,0.0,Linda Kinman,,,,,,,,,,,
Iowa,IA,2014,IA. Assn. of School Boards,40502.5,Josie Lewis,Mary Gannon,Galen Howsare,Thomas Downs,Emily Piper,,,,,,,
Iowa,IA,2014,IA. Assn. of Regional Councils (IARC),6750.0,"Avenson, Oakley & Cope",Don Avenson,Brice Oakley,Tom Cope,,,,,,,,
Iowa,IA,2014,IA. Assn. of Realtors,50000.0,Kingland Consulting LLC,Jennifer Kingland,,,,,,,,,,
Iowa,IA,2014,IA. Assn. of Nurse Practitioners,5500.0,Joe Kelly,,,,,,,,,,,
Iowa,IA,2014,IA. Assn. of Nurse Anesthetists,54205.06,Carney & Appleby,,,,,,,,,,,
Iowa,IA,2014,IA. Assn. of Municipal Utilities,65000.0,Troy De Joode,Jessica Harder,Julie Smith,,,,,,,,,
Iowa,IA,2014,IA. Assn. of Magistrate Judges,16500.0,Feltner & Heller,,,,,,,,,,,
Iowa,IA,2014,IA. Assn. of Independent Colleges and Universities,40000.0,PRI/NC,Frank Chiodo,,,,,,,,,,
Iowa,IA,2014,IA. Assn. of Health Underwriters,15000.0,LARRY BLIXT,,,,,,,,,,,
Iowa,IA,2014,IA. Assn. of Electric Cooperatives,65000.0,Brian Kading,Timothy Coonan,Regi Goodale,Mark Landa,,,,,,,,
Iowa,IA,2014,IA. Assn. of Electric Cooperatives,38270.0,Nyemaster Goode,Brad Epperly,Scott Sundstrom,Paula Dierenfeld,,,,,,,,
Iowa,IA,2014,"IA. Assn. of Credit and Collection Professionals, Inc.",19810.0,Nyemaster Goode,Brad Epperly,Scott Sundstrom,Paula Dierenfeld,,,,,,,,
Iowa,IA,2014,IA. Assn. of County Conservation Boards,3750.0,Campbell/Patterson Consulting,Amy Campbell,Craig Patterson,,,,,,,,,
Iowa,IA,2014,IA. Assn. of Community Providers,21250.0,"Carney & Appleby, PLC",George Appleby,Jim Carney,Jennifer Tyler,Doug Struyk,Shelly Chandler,Kelsey Clark,,,,,
Iowa,IA,2014,IA. Assn. of Community College Trustees (IACCT),279875.18,"Avenson, Oakley, Cope",Don Avenson,Brice Oakley,Tom Cope,"Fitzgerald, Joyce & Associates",Jerry Fitzgerald,Mark Joyce,Maggie Fitzgerald,MJ Dolan,Dave Palmer,Steve Ovel,
Iowa,IA,2014,IA. Assn. of Business and Industry (ABI),65000.0,Mike Ralston,Nicole Crain,Kevin Condon,,,,,,,,,
Iowa,IA,2014,IA. Assn. of Area Agencies on Aging,18540.0,Campbell/Patterson Consulting,Amy Campbell,Craig Patterson,,,,,,,,,
Iowa,IA,2014,IA. Assn. of Ambulatory Surgery Centers,31500.0,Nyemaster Goode,Paula Dierenfeld,Scott Sundstrom,Brad Epperly,,,,,,,,
Iowa,IA,2014,IA. Assn. For Justice,84196.78,"Wasker, Wimmer, Dorr",Lisa Davis-Cook,Brad Lint,,,,,,,,,
Iowa,IA,2014,"IA. Assn. for Health, Physical Education, Recreation and Dance (IAHPERD)",5500.0,Jim Obradovich,Robert Mulqueen,Pete McRoberts,,,,,,,,,
Iowa,IA,2014,IA. Assn. for Financial Choice,20000.0,Paula Feltner / Mike Heller,,,,,,,,,,,
Iowa,IA,2014,IA. Assn for Marriage and Family Therapy,5000.0,Emily Piper,,,,,,,,,,,
Iowa,IA,2014,IA. Annual Conference of United Methodist Church,21818.960000000003,Fawkes-Lee & Ryan,Stephanie Fawkes-Lee,Marty Ryan,Brian Carter,Rita Carter,Walden Paige,William Steward,Carolyn Uhlenhake-Walke,,,,
Iowa,IA,2014,IA. American Water Co.,5000.0,Brick Gentry PC,Robert Rafferty,,,,,,,,,,
Iowa,IA,2014,IA. Alliance of Surety Companies,22000.0,Triplett Enterprises Ltd.,- Michael Triplett,,,,,,,,,,
Iowa,IA,2014,IA. Alliance of Environmental Concerns,3000.0,Mona Bond,,,,,,,,,,,
Iowa,IA,2014,IA. Alliance of Community Mental Health Centers,12000.0,"Avenson, Oakley & Cope",Don Avenson,Brice Oakley,Tom Cope,,,,,,,,
Iowa,IA,2014,"IA. Alliance of Boys & Girls Club, Inc.",20000.0,Cornerstone Government Affairs,David Adelman,Frank Chiodo,,,,,,,,,
Iowa,IA,2014,IA. Alliance in Home Care,15000.0,Greg Boattenhamer,PolicyWorks,John Cacciatore,Mary Earnhardt,Justin Hupfer,Jon Murphy,,,,,,
Iowa,IA,2014,IA. Alliance for the Arts,7000.0,L&L Murphy Consulting,Larry Murphy,,,,,,,,,,
Iowa,IA,2014,IA. Afterschool Alliance,0.0,Arlinda McKeen,Michelle Rich,Jerry Addy,,,,,,,,,
Iowa,IA,2014,IA. Academy of Trial Lawyers,15000.0,"Feltner & Heller, Attorneys",,,,,,,,,,,
Iowa,IA,2014,"IA. Academy of Opthamology, Inc.",20000.0,Sandra Jaques,,,,,,,,,,,
Iowa,IA,2014,IA. Academy of Nutrition and Dietetics,0.0,none,,,,,,,,,,,
Iowa,IA,2014,IA. Academy of Family Physicians,25000.0,Cornerstone Government Affairs,David Adelman,Frank Chiodo,,,,,,,,,
Iowa,IA,2014,IA Great Lakes Association,6500.0,LS2group,Susan Fenton,Charlotte Eby,,,,,,,,,
Iowa,IA,2014,"Hy-Vee, Inc.",68763.06,"Wasker, Dorr, Wimmer","Wasker, Dorr, Wimmer","Wasker, Dorr, Wimmer","Wasker, Dorr, Wimmer",Food Marketing Institute,Food Marketing Institute,Food Marketing Institute,Food Marketing Institute,,,,
Iowa,IA,2014,Hungry Canyons Alliance,7500.0,Laverne Schroeder,,,,,,,,,,,
Iowa,IA,2014,Humane Society,9000.0,Carol Griglione,,,,,,,,,,,
Iowa,IA,2014,Hubbell Realty Company,15000.0,The Capitol Group,Robert Mulqueen,Peter McRoberts,James IObradovich,,,,,,,,
Iowa,IA,2014,Hospice and Palliative Care Assn.,5000.0,Erika Eckley,,,,,,,,,,,
Iowa,IA,2014,Horsemen's Benevolent and Protective Assn. (IHBPA),25000.0,Scott Weiser,,,,,,,,,,,
Iowa,IA,2014,Honey Badger Global Enterprises,0.0,James Temple,,,,,,,,,,,
Iowa,IA,2014,"Honda North America, Inc.",180.0,Ember Rosenberg,Steve Osborne,,,,,,,,,,
Iowa,IA,2014,Homesteaders Life Company,12500.0,"Avenson, Oakley & Cope",Don Avenson,Brice Oakley,Tom Cope,,,,,,,,
Iowa,IA,2014,"Homeland Energy Solutions, LLC",4432.58,Davis Brown Law Firm,Thomas Stanberry,William Hanigan,Katherine Carlucci,,,,,,,,
Iowa,IA,2014,Home Builders Assn. of IA,25000.0,"Wasker, Dorr, Wimmer & Marcoui",Angela Davis,William Wimmer,Creighton Cox,,,,,,,,
Iowa,IA,2014,Home Builders Assn. of Greater Des Moines,0.0,Creighton Cox,,,,,,,,,,,
Iowa,IA,2014,"Ho-Chunk, Inc.",25000.0,"Eide & Heisinger, LLC",Matt Eide,John Pederson,,,,,,,,,
Iowa,IA,2014,Highway 61 Coalition,2250.0,Jeff Boeyink,,,,,,,,,,,
Iowa,IA,2014,HGI Lakeside,1000.0,Crawford & Mauro Law Firm,Jerry Crawford,Nick Mauro,,,,,,,,,
Iowa,IA,2014,Heavy Highway Contractors Assn.,10000.0,James Piazza,,,,,,,,,,,
Iowa,IA,2014,"Heartland Strategies, LLC",0,L&L Murphy Consulting,Larry Murphy,Gary Grant,,,,,,,,,
Iowa,IA,2014,"Heartland Security & Technical Solutions, Inc.",0,L&L Murphy Consulting,Larry Murphy,Gary Grant,,,,,,,,,
Iowa,IA,2014,Heartland Greyhound Adoption,3000.0,Jim Obradovich,,,,,,,,,,,
Iowa,IA,2014,Heartland Car Wash Assn.,500.0,"Skinner & Paschke, PLLC",Troy Skinner,Kellie Paschke,Linday Phillips,,,,,,,,
Iowa,IA,2014,HCI Care Services,0.0,Advocacy Strategies,Threase Harms,Kent Hartwig,Courtney Willits,,,,,,,,
Iowa,IA,2014,Hawkeye Community College,6219.0,Kathleen Flynn-Ferguson,Linda Allen,,,,,,,,,,
Iowa,IA,2014,Harris Corp.,52000.0,Brown Winnick,,,,,,,,,,,
Iowa,IA,2014,Gundersen Lutheran Health System,11047.85,Eric Tempelis,Michael Richards,,,,,,,,,,
Iowa,IA,2014,"Growmark, Inc.",0.0,Liz Hobart,,,,,,,,,,,
Iowa,IA,2014,Grout Museum,0.0,Julie A. Smith,,,,,,,,,,,
Iowa,IA,2014,Grinnell Mutual Reinsurance Company,15000.0,Mike St. Clair,Capitol Edge,Thomas Fey,,,,,,,,,
Iowa,IA,2014,Green Plains Inc.,4432.58,Davis Brown Law Firm,Thomas Stanberry,William Hanigan,Katherine Carlucci,,,,,,,,
Iowa,IA,2014,Green Bay Levee and Drainage District No. 2,0,None,,,,,,,,,,,
Iowa,IA,2014,Greater Des Moines Partnership,15000.0,Nyemaster Goode,Brad Epperly,Paula Dierenfeld,Scott Sundstrom,,,,,,,,
Iowa,IA,2014,Greater Des Moines Partnership,39500.0,Joseph Jones,Jessica Maldonado,,,,,,,,,,
Iowa,IA,2014,Greater Des Moines Convention & Visitors,0.0,Cornerstone Government Affairs,David Adelman,Frank Chiodo,,,,,,,,,
Iowa,IA,2014,Greater Cedar Valley Alliance,34388.0,Steve C. Firman,,,,,,,,,,,
Iowa,IA,2014,Greater Burlington Partnership,0.0,Greater Burlington Partnership,Mark Foster,Jason Hutcheson,,,,,,,,,
Iowa,IA,2014,Great River Entertainment,15000.0,"Carney & Appleby, P.L.C.",Jim Carney,George Appleby,Jennifer Tyler,Doug Struyk,,,,,,,
Iowa,IA,2014,Great Lakes Communication Corp.,12887.64,Jeana Goosmann,,,,,,,,,,,
Iowa,IA,2014,Grand Falls Casino and Resort,35622.42,PRI/NC Consulting,Frank Chido,Scott Hewhard,Lane & Waterman,,,,,,,,
Iowa,IA,2014,Grand Falls Casino and Resort,25000.0,PRI/NC,Frank Chiodo,,,,,,,,,,
Iowa,IA,2014,GrampsvsRamps,0.0,Thomas Leohr,,,,,,,,,,,
Iowa,IA,2014,Governors Office of Drug Control Policy,3750.0,Steven F. Lukan,,,,,,,,,,,
Iowa,IA,2014,Governors Office of Drug Control Policy,1373.0,Dale Woolery,,,,,,,,,,,
Iowa,IA,2014,Governor's Office,21000.0,Adam Gregg,,,,,,,,,,,
Iowa,IA,2014,"Google, Inc.",48000.0,PolicyWorks,John Cacciatore,Jon Murphy,Mary Earnhardt,Justin Hupfer,,,,,,,
Iowa,IA,2014,Goodwill Industries of IA,7500.0,"Eide & Heisinger, LLC",Matt Eide,John Pederson,,,,,,,,,
Iowa,IA,2014,"Golden Renewable Energy, LLC",861.0,BrownWinick Law Firm,Marc Beltrame,Matthew McKinney,,,,,,,,,
Iowa,IA,2014,Goff Public for Polaris Industries,4000.0,LS2group,Susan Fenton,Jeff Boeyink,Charlotte Eby,Mark Joyce,,,,,,,
Iowa,IA,2014,Go The Distance LLC,0.0,Cornerstone Government Affairs,David Adelman,Frank Chiodo,,,,,,,,,
Iowa,IA,2014,GlaxoSmithKline,8094.0,Feltner and Heller,Paula Feltner,Mike Heller,Mary Koenecke,,,,,,,,
Iowa,IA,2014,Genesis Health System,25000.0,"Eide & Heisinger, LLC",Matt Eide,John Pederson,,,,,,,,,
Iowa,IA,2014,General Motors LLC,24000.0,"Fey & Gomez, Inc.",Thomas Fey,Mike St. Clair,,,,,,,,,
Iowa,IA,2014,"General Growth Properties, Inc.",21000.0,BrownWinick,Marc Beltrame,Doug Gross,,,,,,,,,
Iowa,IA,2014,"Genentech, Inc., A Member of the Roche Group",24405.6,Charles W. Hutchins & Assoc.,Susan Cameron,Kelly Meyers,Scott Setzepfandt,,,,,,,,
Iowa,IA,2014,GATSO USA,32000.0,Capitol Edge,Mike St. Clair,Thomas Fey,,,,,,,,,
Iowa,IA,2014,Frontier Communications of IA,185.0,Scott Bohler,,,,,,,,,,,
Iowa,IA,2014,Friends of the Iowa Commission on the Status of Women,0.0,Karla Fultz McHenry,,,,,,,,,,,
Iowa,IA,2014,Free Clinics of IA,8500.0,Advocacy Strategies,Threase Harms,Kent Hartwig,Courtney Willits,,,,,,,,
Iowa,IA,2014,Four Oaks,20000.0,SGroup,Susan Fenton,Charlotte Eby,"Skinner & Paschke, PLLC",Kellie Paschke,Lindsay Phillips,Troy Skinner,,,,,
Iowa,IA,2014,Food & Water Watch,1450.0,Matt Ohloff,,,,,,,,,,,
Iowa,IA,2014,"Fitzgerald, Joyce and Associates",0.0,"Fitzgerald, Joyce and Assoc.",Jerry Fitzgerald,Mark Joyce,Maggie Fitzgerald,,,,,,,,
Iowa,IA,2014,FedEx Corporation,0.0,Robert Yeager,,,,,,,,,,,
Iowa,IA,2014,Federation of IA Insurers,123946.0,Nyemaster Goode,Paula Dierenfeld,Scott Sundstrom,Brad Epperly,,,,,,,,
Iowa,IA,2014,Federal Home Loan Bank,22500.0,Nyemaster Goode,Paula Dierenfeld,Scott Sundstrom,Brad Epperly,,,,,,,,
Iowa,IA,2014,Fawkes-Lee & Ryan Inc.,4800.0,Marty Ryan,Stephanie Fawkes-Lee,Dennis Henderson,,,,,,,,,
Iowa,IA,2014,Father Flanagans Boys Home,0,Paula Feltner,Mike Heller,,,,,,,,,,
Iowa,IA,2014,"Farmers Group, Inc.",1000.0,Brandon Koch,,,,,,,,,,,
Iowa,IA,2014,Fantasy Sports Trade Association,18765.42,PolicyWorks,John Cacciatore,Mary Earnhardt,Justin Hupfer,,,,,,,,
Iowa,IA,2014,"Family Resources, Inc.",16250.0,PolicyWorks,John Cacciatore,Mary Earnhardt,Justin Hupfer,Jon Murphy,,,,,,,
Iowa,IA,2014,Family Planning Council of Iowa,4287.72,Jodi Tomlonovic,,,,,,,,,,,
Iowa,IA,2014,Facebook,60000.0,"Carney & Appleby, PLC",Jim Carney,George Appleby,Jennifer Tyler,Doug Struyk,,,,,,,
Iowa,IA,2014,EZ Corp,33540.0,"Wasker,Dorr,Wimmer&Marcouiller",William Wimmer,Angela Davis,,,,,,,,,
Iowa,IA,2014,Eyerly Ball CMH Services,7500.0,"Avenson,Oakley&Cope",Don Avenson,Brice Oakley,Tom Cope,,,,,,,,
Iowa,IA,2014,Express Scripts Holding Co.,37806.68,Michael Triplett,Allyson Blandford,,,,,,,,,,
Iowa,IA,2014,"Excellence in Education National, Inc.",0.0,0,,,,,,,,,,,
Iowa,IA,2014,Epilepsy Foundation,20000.0,Advocacy Strategies,Threase Harms,Kent Hartwig,Courtney Willits,,,,,,,,
Iowa,IA,2014,Epilepsy Foundation,20059.26,Advocacy Strategies,,,,,,,,,,,
Iowa,IA,2014,Environmental Law and Policy Center,22500.0,Steve Falck,Josh Mandelbaum,,,,,,,,,,
Iowa,IA,2014,Entertainment Software Assn. (ESA),15000.0,Jim Henter,,,,,,,,,,,
Iowa,IA,2014,Enterprise Rent-A-Car,20000.0,"Wasker, Dorr, Wimmer& Marcouil",,,,,,,,,,,
Iowa,IA,2014,Enterprise MidAmerica,0.0,Campbell/Patterson Consulting,Craig Patterson,,,,,,,,,,
Iowa,IA,2014,Eli Lilly & Co.,28000.0,Cal Hultman,Jeff Boeyink,Sue Landwehr,,,,,,,,,
Iowa,IA,2014,"Eide & Heisinger, LLC",0.0,"Eide & Heisinger, LLC",Matt Eide,John Pederson,Eric Goranson,,,,,,,,
Iowa,IA,2014,Electronic Services System,2500.0,Brick Gentry PC,Robert Rafferty,,,,,,,,,,
Iowa,IA,2014,Electronic Engineering,30000.0,LS2 Group,Susan Fenton,Charlotte Eby,Jeff Boeyink,,,,,,,,
Iowa,IA,2014,Eastlake Partnership,6375.0,Nyemaster Goode,Scott Sundstrom,Brad Epperly,Paula Dierenfeld,,,,,,,,
Iowa,IA,2014,Eastern IA Community College District,24355.02,Donald Doucette,Gary Mohr,IACCT,,,,,,,,,
Iowa,IA,2014,Easter Seals IA,10000.0,Advocacy Strategies,Threase Harms,Kent Hartwig,Courtney Willits,,,,,,,,
Iowa,IA,2014,"Ducks Unlimited, Inc.",43795.0,BrownWinick Law Firm,Marc Beltrame,Matthew McKinney,,,,,,,,,
Iowa,IA,2014,Du Pont Businesses,86930.79,Billi Hunt,"Mark Joyce Consulting, LLC",,,,,,,,,,
Iowa,IA,2014,Dow AgroSciences,7000.0,BrownWinick,Steven Schoenebaum,,,,,,,,,,
Iowa,IA,2014,Donegal Mutual Insurance Company,53997.5,BrownWinick Law Firm,Marc Beltrame,Matthew McKinney,,,,,,,,,
Iowa,IA,2014,Donegal Group Inc.,0.0,BrownWinick Law Firm,Marc Beltrame,Matthew McKinney,,,,,,,,,
Iowa,IA,2014,Distilled Spirits Council of the United States,18000.0,PolicyWorks,John Cacciatore,Mary Earnhardt,Justin Hupfer,Jon Murphy,,,,,,,
Iowa,IA,2014,"DISH Network, LLC",12500.0,Craig Schoenfeld,,,,,,,,,,,
Iowa,IA,2014,Disability Rights Iowa,3500.0,John Hale,,,,,,,,,,,
Iowa,IA,2014,Disability Rights Iowa,3500.0,Lyle R. Krewson,,,,,,,,,,,
Iowa,IA,2014,Disability Rights Iowa,3201.0,Jane Hudson,,,,,,,,,,,
Iowa,IA,2014,Disability Rights Iowa,869.75,Sue Lerdal,,,,,,,,,,,
Iowa,IA,2014,"DIRECTV, Inc",12500.0,Craig Schoenfeld,,,,,,,,,,,
Iowa,IA,2014,Des Moines Water Works,6491.52,Linda Kinman,,,,,,,,,,,
Iowa,IA,2014,Des Moines University,40065.0,Threase Harms- Advocacy Strate,Kent Hartwig,,,,,,,,,,
Iowa,IA,2014,Des Moines Public Schools,30000.0,LS2Group,Susan Fenton,Charlotte Eby,Jeffrey Boeyink,,,,,,,,
Iowa,IA,2014,Des Moines Area Regional Transit,15000.0,"Wasker, Dorr, Wimmer & Marcoui",William Wimmer,Angela Davis,,,,,,,,,
Iowa,IA,2014,Des Moines Area Metropolitan Planning Organization,5047.48,Robert T. Ashby,Chris Coleman,Tom Hockensmith,Dylan Mullenix,,,,,,,,
Iowa,IA,2014,Des Moines Area Community College,5250.0,Robert Denson,,,,,,,,,,,
Iowa,IA,2014,Department of Administrative Services (DAS),26200.0,Lon Anderson,,,,,,,,,,,
Iowa,IA,2014,Delta Dental of IA,99255.8,Karla Fultz McHenry,Lynh Patteron,Suzanne Heckenlaible,,,,,,,,,
Iowa,IA,2014,Deere & Company,35158.0,Beverly Flores,,,,,,,,,,,
Iowa,IA,2014,Decoding Dyslexia Iowa,0.0,Thomas Jochum,,,,,,,,,,,
Iowa,IA,2014,"Davis, Brown, Koehn, Shors & Roberts, P.C.",0.0,Kate Carlucci,Tom Stanberry,,,,,,,,,,
Iowa,IA,2014,"Davenport Casino Group, L.L.C.",0.0,N/A,,,,,,,,,,,
Iowa,IA,2014,Dairyland Power Cooperative,37046.22,Kenric Scheevel,,,,,,,,,,,
Iowa,IA,2014,CVS/Caremark,42000.0,Capitol Edge,Mike St. Clair,Thomas Fey,,,,,,,,,
Iowa,IA,2014,Curtis L. Leaverton,2700.0,BrownWinick Law Firm,Matthew McKinney,Marc Beltrame,,,,,,,,,
Iowa,IA,2014,CRST International,12500.0,Scott Weiser,,,,,,,,,,,
Iowa,IA,2014,Credit Union Division,7700.0,JoAnn Johnson,Jan Johnson,,,,,,,,,,
Iowa,IA,2014,County Zoning Officials Organiztion,3000.0,Jim Obradovich,Robert Mulqueen,Pete McRoberts,,,,,,,,,
Iowa,IA,2014,Cosmetologists and Barbers of Iowa,3000.0,"Skinner & Paschke, PLLC",Troy Skinner,Kellie Paschke,Lilndsay Phillips,,,,,,,,
Iowa,IA,2014,"Corn, L.P.",4432.58,Davis Brown Law Firm,Thomas Stanberry,William Hanigan,Katherine Carlucci,,,,,,,,
Iowa,IA,2014,CoOportunity Health,45000.0,PolicyWorks,John Cacciatore,Mary Earnhardt,Justin Hupfer,,,,,,,,
Iowa,IA,2014,Contrack International,0.0,Susan Fenton,Mark Joyce,,,,,,,,,,
Iowa,IA,2014,"Consumers Union of United States, Inc. DBA Consumer Reports",0.0,None,,,,,,,,,,,
Iowa,IA,2014,"Consumer Safety Technology, Inc.",2500.0,Brad Fralick,,,,,,,,,,,
Iowa,IA,2014,Conservation Districts of IA,5000.0,Jim Obradovich,,,,,,,,,,,
Iowa,IA,2014,Connections Education,8000.0,LS2group,Susan Fenton,Charlotte Eby,,,,,,,,,
Iowa,IA,2014,Conlin Properties,18800.0,Brown Winick,,,,,,,,,,,
Iowa,IA,2014,Concerned Women For America of IA,0.0,Tamara Scott,Denise Bubeck,,,,,,,,,,
Iowa,IA,2014,Community Health Charities of IA,10000.0,Advocacy Strategies,Threase Harms,Kent Hartwig,Courtney Willits,,,,,,,,
Iowa,IA,2014,Community Foundation of Greater Des Moines,0.0,Cornerstone Government Affairs,David Adelman,Frank Chiodo,,,,,,,,,
Iowa,IA,2014,Community Bankers of IA.,3300.0,Donald Hole,Jackie Haley,Jeff Boeyink,,,,,,,,,
Iowa,IA,2014,Communications Workers of America IA State Council,4000.0,Midge Slater,,,,,,,,,,,
Iowa,IA,2014,Commercial Fishing and Aquaculture Assn.,1000.0,Jim Obradovich,,,,,,,,,,,
Iowa,IA,2014,College Board,18000.0,Jon Gubera,,,,,,,,,,,
Iowa,IA,2014,Colgate Palmolive,40938.0,Baker Hostetler LLP,Tom McDonald,,,,,,,,,,
Iowa,IA,2014,Code.Org,844.37,Dutko Grayling,Anna Kimsey,Cameron Wilson,,,,,,,,,
Iowa,IA,2014,Coalition of Ignition Interlock Manufacturers,20625.0,Charles W. Hutchins Associates,Susan Cameron,Jennifer Kingland,Kingland Consulting LLC,Jennifer Kingland,,,,,,,
Iowa,IA,2014,Coalition for IA Woodlands and Trees,7500.0,Jim Obradovich,,,,,,,,,,,
Iowa,IA,2014,Coalition for Family and Children's Services in IA,31000.0,"Feltner & Heller, Attorneys",Paula J. Feltner,Michael B. Heller,,,,,,,,,
Iowa,IA,2014,Coalition for Citizens' Safety,23396.9,"Carney & Applyby, PLC",Jim Carney,George Appleby,Jennifer Tyler,Doug Struyk,,,,,,,
Iowa,IA,2014,CN,15700.0,"Eide & Heisinger, LLC",Matt Eide,John Pederson,,,,,,,,,
Iowa,IA,2014,Clean Line Energy,7500.0,Scott Weiser,,,,,,,,,,,
Iowa,IA,2014,Clean Line Energy,57500.0,Beth Conley,Nyemaster Goode,Paula Dierenfeld,Scott Sundstrom,Brad Epperly,,,,,,,
Iowa,IA,2014,Clarke County Resevoir Commission,10000.0,Emily Piper,,,,,,,,,,,
Iowa,IA,2014,City of West Des Moines,35480.0,"Avenson, Oakley & Cope",,,,,,,,,,,
Iowa,IA,2014,City of Waukee,2000.0,PolicyWorks,John Cacciatore,Mary Earnhardt,,,,,,,,,
Iowa,IA,2014,City of Iowa City,25200.0,Davis Brown Law Firm,Kate Carlucci,Tom Stanberry,,,,,,,,,
Iowa,IA,2014,City of Dubuque,25000.0,Cornerstone Government Affairs,David Adelman,Frank Chiodo,,,,,,,,,
Iowa,IA,2014,City of Dubuque,10541.85,Michael Van Milligen,Cindy Steinhauser,Teri Goodmann,,,,,,,,,
Iowa,IA,2014,City of Des Moines Parks and Recreation,0.0,F. Richard Thornton,,,,,,,,,,,
Iowa,IA,2014,City of Des Moines,0.0,Matthew Anderson,Jeb Brewer,Roger Brown,Richard Clark,Mark Godwin,Jeffrey Lester,Lawrence McDowell,Kandice Reindl,Amanda Romer,Kathleen Vanderpool,Terrance Vorbrich,
Iowa,IA,2014,City of Des Moines,71926.0,"Fitzgerald, Joyce and Assoc.",Jerry Fitzgerald,Maggie Fitzgerald,Mark Joyce,,,,,,,,
Iowa,IA,2014,City of Council Bluffs,3500.0,Mona Bond,,,,,,,,,,,
Iowa,IA,2014,City of Coralville,30192.0,"Avenson, Oakley & Cope",Brice Oakley,Don Avenson,Tom Cope,,,,,,,,
Iowa,IA,2014,City of Clinton,0.0,Timothy Krumm,William Sueppel,,,,,,,,,,
Iowa,IA,2014,City of Cedar Rapids,60000.0,L&L Murphy Consulting,Larry Murphy,Gary Grant,Heartland Strategies,Larry Murphy,Gary Grant,,,,,,
Iowa,IA,2014,City of Cedar Falls,12000.0,"Eide & Heisinger, LLC",Matt Eide,John Pederson,Eric Goranson,,,,,,,,
Iowa,IA,2014,City of Cedar Falls,12000.0,"Eide & Heisinger, LLC",Matt Eide,John Pederson,Eric Goranson,,,,,,,,
Iowa,IA,2014,City of Bettendorf,5000.0,"Eide & Heisinger, LLC",Matt Eide,John Pederson,,,,,,,,,
Iowa,IA,2014,City of Ames,0.0,Bob Kindred,Mark Lambert,,,,,,,,,,
Iowa,IA,2014,"Citizens Telecommunications Company of Minnesota, LLC",185.0,Scott Bohler,,,,,,,,,,,
Iowa,IA,2014,Citizens For Responsible Growth,25000.0,PRI/NC,Frank Chiodo,Scott Newhard,,,,,,,,,
Iowa,IA,2014,Citizens For A Healthy Iowa,0.0,0,,,,,,,,,,,
Iowa,IA,2014,"Cigar Assn. of America, Inc.",38750.0,"Wasker,Dorr,Wimmer&Marcouiller",,,,,,,,,,,
Iowa,IA,2014,Christian Science Churches,0.0,Becky Lovich,,,,,,,,,,,
Iowa,IA,2014,CHILDSERVE,4000.0,Carney & Appleby,Doug Struyk,George Appleby,Jim Carney,Jennifer Tyler,,,,,,,
Iowa,IA,2014,Child and Family Policy Center,17100.0,Charles Bruner,Sheila Hansen,Danielle Oswald-Thole,,,,,,,,,
Iowa,IA,2014,Check Into Cash c/o MultiState Associates Inc,13000.01,PRI/NC Consulting,Frank Chiodo,Scott Newhard,,,,,,,,,
Iowa,IA,2014,CHAIN,0.0,Advocacy Strategies,Threase Harms,Kent Hartwig,Courtney Willits,,,,,,,,
Iowa,IA,2014,CHAIN,4510.28,Tamara Haught,,,,,,,,,,,
Iowa,IA,2014,CGI Technologies and Solutions,16590.75,"Avenson, Oakley, & Cope Consul",Don Avenson,Tom Cope,Bruce Oakley,,,,,,,,
Iowa,IA,2014,"CF Industries Holdings, Inc.",0.0,BrownWinick,,,,,,,,,,,
Iowa,IA,2014,Cerro Gordo County,0.0,Ken Kline,,,,,,,,,,,
Iowa,IA,2014,CenturyLink,37500.0,GovCom-Susan Cameron,Joe Kelly,Kelly Meyers,Richard Stradley,,,,,,,,
Iowa,IA,2014,Central Iowa Water Association,8500.0,Jim Obradovich,Robert Mulqueen,Pete McRoberts,,,,,,,,,
Iowa,IA,2014,Central IA Regional Transportation Planning Alliance (CIRTPA),0.0,Robert T. Ashby,Dean Yordi,,,,,,,,,,
Iowa,IA,2014,Central IA Power Cooperative (CIPCO),45000.0,DennisMurdock,F. Richard Thornton,Davis Brown Law Firm,Steve Roberts,Thomas Stanberry,,,,,,,
Iowa,IA,2014,Central IA Center for Independent Living,0.0,None,,,,,,,,,,,
Iowa,IA,2014,Central IA Building Construction Trades Council,24000.0,Thomas Jochum,,,,,,,,,,,
Iowa,IA,2014,Central IA Apartment Alliance,11250.0,Triplett Enterprises Ltd.,- Michael Triplett,,,,,,,,,,
Iowa,IA,2014,Centene Corporation,0.0,LS2group,Susan Fenton,,,,,,,,,,
Iowa,IA,2014,Cellular Engineering Technologies Inc.,0.0,none,,,,,,,,,,,
Iowa,IA,2014,CEDIA (Custom Electronic Design & Installation Assn.,2176.12,Darren Reaman,"Carney & Appleby, PLC",Doug Struyk,George Appleby,Jim Carney,Jennifer Tyler,,,,,,
Iowa,IA,2014,Cedar Rapids Physician - Hospital Organization,27000.0,Cornerstone Government Affairs,David Adelman,Frank Chiodo,,,,,,,,,
Iowa,IA,2014,Cedar Rapids Metro Economic Alliance,4250.0,Gary Grant,,,,,,,,,,,
Iowa,IA,2014,Cedar Rapids Development Group,0.0,BrownWinick,,,,,,,,,,,
Iowa,IA,2014,Catamaran,50000.0,Jessica Harder,,,,,,,,,,,
Iowa,IA,2014,Casey's General Stores,26645.0,Avenson Oakley & Cope,,,,,,,,,,,
Iowa,IA,2014,Cargill,9000.0,Rebecca Martin,Jake Hamlin,Don Brown,,,,,,,,,
Iowa,IA,2014,"Capitol Consultants, Inc",0.0,Brian Johnson,,,,,,,,,,,
Iowa,IA,2014,Canadian Pacific Railway,0.0,Jim Obradovich,,,,,,,,,,,
Iowa,IA,2014,Campbell/Patterson Consulting LLP,0.0,Campbell/Patterson Consulting,Amy Campbell,Craig Patterson,,,,,,,,,
Iowa,IA,2014,"California Renewable Energies, LLC",0,L&L Muprhy Consulting,Larry Murphy,Gary Grant,,,,,,,,,
Iowa,IA,2014,CAFE IA Citizen's Action Network (Clean Air for Everyone),10000.0,Advocacy Strategies,Threase Harms,Kent Hartwig,Courtney Willits,,,,,,,,
Iowa,IA,2014,"Caesars Entertainment Operating Company, Inc.",91186.85,"Hopkins & Heubner, P.C.",Lorraine May,Tina Eick,"Carney & Appleby, P.L.C",Doug Struyk,George Appleby,Jim Carney,Jennifer Tyler,AJ Baker,Loren Guidry,,
Iowa,IA,2014,Butler Logistics Park,0.0,Jim Obradovich,,,,,,,,,,,
Iowa,IA,2014,Brotherhood of Maintenace of Way Employees Division,0.0,Ron Hoffman,,,,,,,,,,,
Iowa,IA,2014,Broadlawns Medical Center,44752.04,"Fitzgerald, Joyce and Assoc.",Jerry Fitzgerald,Mark Joyce,Maggie Fitzgerald,,,,,,,,
Iowa,IA,2014,Bristol Myers Squibb Co.,12000.0,Grant Cale,"Skinner & Paschke, PLLC",Troy Skinner,Kellie Paschke,Lindsay Phillips,,,,,,,
Iowa,IA,2014,Bridgepoint Education,45069.52,"Carney & Appleby, P.L.C.",Doug Struyk,George Appleby,Jim Carney,Jenny Tyler,,,,,,,
Iowa,IA,2014,Brain Injury Alliance of IA,10000.0,Advocacy Strategies,Threase Harms,Kent Hartwig,Courtney Willits,,,,,,,,
Iowa,IA,2014,Boyd Gaming-Peninsula Gaming LLC & its subsidiaries Dubuque Diamond Jo & Diamond,109437.59999999999,"Fitzgerald, Joyce & Associates",Mark Joyce,Jerry Fitzgerald,Maggie Fitzgerald,"Hopkins & Huebner, P.C.",Lorraine May,Tina Eick,Thomas McPherson,Ben Whipple,,,
Iowa,IA,2014,"Boehringer Ingelheim Pharmaceuticals, Inc.",10.6,Brian Ward,Hallie Utley,Bryan Cave LLP,Frank Plescia,,,,,,,,
Iowa,IA,2014,"Board of Regents, State of IA",167427.24,Bruce Rastetter,Katie Mulholland,Robert Donley,Keith Saunders,Joe Murphy,Jeneane Beck,,,,,,
Iowa,IA,2014,BNSF Railway Co.,37505.0,Nyemaster Goode,Scott Sundstrom,Brad Epperly,Paula Dierenfeld,,,,,,,,
Iowa,IA,2014,Blank Childrens Hospital,1200.0,Chaney Yeast,,,,,,,,,,,
Iowa,IA,2014,Black Hills Energy,30000.0,Susan Walter,,,,,,,,,,,
Iowa,IA,2014,"BJ Allen Wholesale Fireworks Company, Inc.",7500.0,Scott Weiser,,,,,,,,,,,
Iowa,IA,2014,"BJ Allen Wholesale Fireworks Company, Inc.",10217.83,"Capitol Strategies Group, Inc.",Nicole Woodroffe,Scott Weiser,,,,,,,,,
Iowa,IA,2014,"Belle of Sioux City, LP",0.0,Lorraine May,Tina Eick,,,,,,,,,,
Iowa,IA,2014,Bayer HealthCare LLC,0.0,Craig Mischo,,,,,,,,,,,
Iowa,IA,2014,Bayer Corporation,0.0,Craig Mischo,,,,,,,,,,,
Iowa,IA,2014,Baxter Healthcare Corporation,24000.0,Melissa Bowie,Dana Koehn,Avenson Oakley & Cope Consult.,Brice Oakley,Tom Cope,Don Avenson,,,,,,
Iowa,IA,2014,Autism Society,0.0,Pete McRoberts,(we do not represent the,organization),,,,,,,,,
Iowa,IA,2014,"Auditor, State of IA",3000.0,Bernardo Granwehr,Warren Jenkins,,,,,,,,,,
Iowa,IA,2014,AT & T,45850.0,PolicyWorks,John Cacciatore,Mary Earnhardt,Justin Hupfer,Mark Joyce,Wauneta Browne,Beth Canuteson,LS2 Group,Jeffery Boeyink,Susan Cameron,Cal Hultman,
Iowa,IA,2014,"Asurion, LLC",13507.0,Nyemaster Goode,Scott Sundstrom,Brad Epperly,Paula Dierenfeld,,,,,,,,
Iowa,IA,2014,AstraZeneca Pharmaceuticals LP,23133.64,Kimberly Haus,Advocacy Solutions,Threase Harms,Kent Harwtig,Courtney Willits,Abigail Gossman,,,,,,
Iowa,IA,2014,Associated General Contractors of IA,84794.0,Scott Newhard,Frank Chiodo,,,,,,,,,,
Iowa,IA,2014,Associated Builders & Contractors of IA,38269.25,Sandra Jaques,Greg Spenner,,,,,,,,,,
Iowa,IA,2014,Assn. of IA Workforce Partners,0.0,Stacie Bendixen,Arlinda McKeen,Jerry Addy,,,,,,,,,
Iowa,IA,2014,Assn. of IA Rental Dealers,5000.0,George Appleby,Jim Carney,Jennifer Tyler,Doug Struyk,,,,,,,,
Iowa,IA,2014,Assn. of IA Fairs,10000.0,Larry Blixt,,,,,,,,,,,
Iowa,IA,2014,Area Education Agencies of IA,45000.0,Matt Eide,John Pederson,,,,,,,,,,
Iowa,IA,2014,Area Education Agencies of IA,30000.0,Tom Lane,,,,,,,,,,,
Iowa,IA,2014,"Ardagh Glass Inc., formerly Verallia",30000.0,BrownWinick,,,,,,,,,,,
Iowa,IA,2014,Archer Daniels Midland Company,10606.0,Christopher T. Riley,,,,,,,,,,,
Iowa,IA,2014,Appanoose County Board of Supervisors,0.0,Bill Heckroth,,,,,,,,,,,
Iowa,IA,2014,Annett Holdings,12000.0,Scott Weiser,,,,,,,,,,,
Iowa,IA,2014,Animal Rescue League of IA,10000.0,Kim Haus,,,,,,,,,,,
Iowa,IA,2014,Animal Rescue League of IA,3000.0,Kenworthy Law Firm/,Lynzey Kenworthy,,,,,,,,,,
Iowa,IA,2014,Anheuser Busch,33333.36,"Carney & Appleby, PLC",Jim Carney,George Appleby,Jennifer Tyler,Doug Struyk,,,,,,,
Iowa,IA,2014,Amgen,6920.0,Julie Brown,,,,,,,,,,,
Iowa,IA,2014,"Ameristar Casino, Inc.",96000.0,"GovCom, Inc.- Cameron, Meyers",State Haus Comm. - Haus,,,,,,,,,,
Iowa,IA,2014,Americas Health Insurance Plans (AHIP),21975.0,Nyemaster Goode,Paula Dierenfeld,Scott Sundstrom,Brad Epperly,,,,,,,,
Iowa,IA,2014,Americans United for Life,0.0,Capitol Edge,Mike St. Clair,Thomas Fey,,,,,,,,,
Iowa,IA,2014,Americans For Prosperity,3909.75,Drew Klein,,,,,,,,,,,
Iowa,IA,2014,American Water Works Assn.,25000.0,David Scott,,,,,,,,,,,
Iowa,IA,2014,American Suntanning Association,12000.0,"Eide & Heisinger, LLC",Matt Eide,John Pederson,Eric Goranson,,,,,,,,
Iowa,IA,2014,American Society of Pension Professionals and Actuaries,57000.0,Brown Winick,,,,,,,,,,,
Iowa,IA,2014,American Society for the Prevention of Cruelty to Animals (ASPCA),9500.0,State Haus Communications,Kenworthy Law Firm,,,,,,,,,,
Iowa,IA,2014,American Silencer Assn.,2502.39,Knox Williams,,,,,,,,,,,
Iowa,IA,2014,American Red Cross- Central Iowa Chapter,7500.0,Davis Brown Law Firm,Kate Carlucci,Tom Stanberry,,,,,,,,,
Iowa,IA,2014,American Principles in Action,0.0,Shane Vander Hart,,,,,,,,,,,
Iowa,IA,2014,American Planning Assn. IA Chapter,0.0,Dylan Mullenix,,,,,,,,,,,
Iowa,IA,2014,Altria Client Services Inc. and its Affiliates,182365.05,Crawford Law Firm,#NAME?,#NAME?,David Scott,Richard Schwarm,Calvin Hultman,Garth Alston,Jeffrey Boeyink,,,,
Iowa,IA,2014,Alter Trading Corporation,4250.0,"Eide & Heisinger, LLC",Matt Eide,John Pederson,,,,,,,,,
Iowa,IA,2014,Alter Trading Corporation,1850.0,Lane & Waterman LLP,Curtis E Beason,,,,,,,,,,
Iowa,IA,2014,Allied Insurance,38000.0,Brown Winick Graves Gross,Marc Beltrame,Matthew McKinney,,,,,,,,,
Iowa,IA,2014,Alliant Energy Corporation,11444.87,Terry Harrmann,Tom Aller,,,,,,,,,,
Iowa,IA,2014,"Alliance Pipeline, Inc.",37222.0,Brian Johnson,,,,,,,,,,,
Iowa,IA,2014,Alliance of Automobile Manufacturers,26327.989999999998,Hultman Company,#NAME?,#NAME?,Triplett Enterprises Ltd.,#NAME?,,,,,,,
Iowa,IA,2014,Alliance for Residential Treatment Services,0,Gary Grant,,,,,,,,,,,
Iowa,IA,2014,Alliance for American Manufacturing,21.64,Brian Lombardozzi,Scott Boos,,,,,,,,,,
Iowa,IA,2014,"Allergan, Inc.",0.0,Nathan Elias,Chris Doyle,Jeff Knappen,,,,,,,,,
Iowa,IA,2014,Alcoholic Beverages Division,3581.0,Deb Bassett,Stephanie Strauss,,,,,,,,,,
Iowa,IA,2014,ALCOA,25000.0,"Eide & Heisinger, LLC",Matt Eide,John Pederson,,,,,,,,,
Iowa,IA,2014,AIG-American International Companies,21611.0,Nyemaster Goode,Scott Sundstrom,Brad Epperly,Paula Dierenfeld,,,,,,,,
Iowa,IA,2014,Ahlers Law Firm,5000.0,Julie A Smith,Jessica Harder,,,,,,,,,,
Iowa,IA,2014,Agribusiness Assn. of IA,33750.0,"Fitzgerald, Joyce and Assoc.",Jerry Fitzgerald,Maggie Fitzgerald,Mark Joyce,,,,,,,,
Iowa,IA,2014,Agribusiness Assn. of IA,52819.0,"Fitzgerald, Joyce and Assoc.",Jerry Fitzgerald,Maggie Fitzgerald,Mark Joyce,Brown Winnick Law Firm,Matthew McKinney,Marc Beltrame,,,,,
Iowa,IA,2014,Agri Drain Corp.,36000.0,F. Richard Thornton,,,,,,,,,,,
Iowa,IA,2014,Agren,0.0,No Lobbyist for this period,,,,,,,,,,,
Iowa,IA,2014,Agren,0.0,Maggie Fitzgerald,,,,,,,,,,,
Iowa,IA,2014,Ag Processing Inc a cooperative,10292.08,Davis Brown Law Firm,Thomas Stanberry,William Hanigan,Katherine Carlucci,,,,,,,,
Iowa,IA,2014,AFSCME IA Council 61,72000.0,MarciaNichols,Morgan Miller,Brian Guillaume,Brian Jennings,Mark Frymoyer,,,,,,,
Iowa,IA,2014,AFLAC,18000.0,"Wasker, Dorr, Wimmer & Marcoui",Bill Wimmer,Angela Davis,,,,,,,,,
Iowa,IA,2014,Advocates for School Choice,0.0,Trish Wilger,,,,,,,,,,,
Iowa,IA,2014,Advocacy Strategies,0.0,Threase Harms,Kent Hartwig,,,,,,,,,,
Iowa,IA,2014,Advocacy Strategies,0.0,Threase Harms,Kent Hartwig,Courtney Willits,Advocacy Strategies,,,,,,,,
Iowa,IA,2014,Advance America c/o MultiState Associates Inc.,13000.01,PRI/NC Consulting,,,,,,,,,,,
Iowa,IA,2014,Accountants Assn. of IA,14073.6,"CARNEY, APPLEBY, PLC",,,,,,,,,,,
Iowa,IA,2014,Accenture LLP,10000.0,LS2Group,Susan Fenton,Jeffrey Boeyink,Chuck Larson,,,,,,,,
Iowa,IA,2014,Absolute Energy L.L.C.,0.0,Davis Brown Law Firm,Thomas Stanberry,William Hanigan,Katherine Carlucci,,,,,,,,
Iowa,IA,2014,ABM,3000.0,"Eide & Heisinger, LLC",Matt Eide,John Pederson,,,,,,,,,
Iowa,IA,2014,ABATE of IA,12000.0,Mark Maxwell,,,,,,,,,,,
Iowa,IA,2014,AARP IA,20480.0,Campbell Patterson,Amy Campbell,Craig Patterson,Anthony Carroll,Kent Sovern,,,,,,,
Iowa,IA,2014,"3M Traffic, Safety, Security",23500.0,Scott Weiser,,,,,,,,,,,
Iowa,IA,2014,3M Government Relations,15000.0,Scott Weiser,,,,,,,,,,,
